User Selection,Task Size,Offloading Ratio,Delay,UAV Hover Location X,UAV Hover Location Y
1,2192401,0.04,10.53,0.00,74.15
1,2488329,0.48,6.43,100.00,100.00
1,2501682,0.92,1.02,100.00,0.00
2,2256120,0.32,7.63,100.00,0.00
2,2293968,0.52,5.46,100.00,0.00
2,2330053,0.12,10.27,100.00,100.00
2,2196680,0.06,10.33,0.00,0.00
0,2425965,0.26,8.94,0.00,0.00
2,2216441,0.96,0.41,0.00,100.00
2,2123524,0.43,6.08,0.00,0.00
0,2170310,0.31,7.49,100.00,100.00
2,2174559,0.95,0.82,100.00,100.00
1,2488733,0.96,0.45,100.00,100.00
1,2481583,0.52,5.90,0.00,100.00
1,2133210,0.26,7.94,100.00,0.00
0,2232467,0.00,11.12,0.00,100.00
2,2585669,0.86,1.78,100.00,100.00
1,2539739,0.86,1.72,100.00,100.00
0,2322890,0.82,2.08,0.00,0.00
0,2240757,0.23,8.62,100.00,0.00
1,2432344,0.21,9.59,0.00,0.00
0,2525508,0.30,8.85,100.00,0.00
0,2402223,0.29,8.48,100.00,57.80
2,2288392,0.89,1.20,96.34,100.00
2,2452682,0.52,5.84,100.00,100.00
2,2400646,0.32,8.22,0.00,100.00
2,2402056,0.14,10.27,100.00,0.00
1,2362732,0.75,2.92,0.00,100.00
1,2504233,0.00,12.52,100.00,0.00
0,2191781,0.86,1.50,100.00,0.00
2,2178250,1.00,0.30,100.00,100.00
1,2504161,0.59,5.18,2.24,0.00
2,2379306,0.58,5.04,100.00,0.00
2,2127571,0.48,5.57,100.00,0.00
0,2217387,0.98,0.30,0.00,0.00
0,2179874,0.15,9.21,100.00,100.00
2,2173885,0.16,9.13,100.00,100.00
2,2214587,0.36,7.12,100.00,100.00
0,2099223,0.44,5.92,100.00,100.00
3,2379097,1.00,0.34,0.00,100.00
1,2240692,0.12,9.85,0.00,100.00
2,2570038,0.10,11.51,0.00,85.65
0,2172306,0.49,5.52,100.00,0.00
0,2116171,0.87,1.40,0.00,0.00
0,2348408,0.48,6.09,0.00,100.00
1,2134305,0.30,7.44,100.00,0.00
0,2508795,0.60,5.02,100.00,0.00
1,2114246,0.84,1.73,0.00,100.00
2,2454538,0.74,3.18,100.00,0.00
1,2386188,0.52,5.67,100.00,100.00
1,2118998,0.72,2.92,100.00,100.00
0,2327865,1.00,0.33,0.00,100.00
2,2113074,0.29,7.47,100.00,100.00
0,2363852,0.86,1.66,100.00,100.00
1,2486457,0.06,11.69,0.00,0.00
1,2340698,0.57,5.08,100.00,100.00
1,2326630,0.06,10.94,0.00,100.00
3,2376540,0.24,9.01,0.00,0.00
2,2601996,0.05,12.31,100.00,0.00
0,2385371,0.81,2.24,100.00,100.00
2,2542480,0.13,11.09,100.00,0.00
1,2430130,0.69,3.72,0.00,100.00
1,2378336,0.46,6.37,100.00,100.00
0,2231572,0.89,1.21,100.00,0.00
1,2163772,0.76,2.62,100.00,100.00
0,2389690,0.48,6.24,100.00,0.00
2,2401911,0.02,11.73,0.00,0.00
1,2321814,0.81,2.24,100.00,0.00
1,2236471,0.70,3.35,100.00,100.00
2,2122534,0.91,0.94,0.00,100.00
2,2099766,0.00,10.50,0.00,0.00
0,2182535,0.62,4.16,100.00,0.00
2,2299603,0.23,8.83,39.99,35.55
1,2161220,0.00,10.81,100.00,100.00
0,2216423,0.62,4.19,100.00,0.00
1,2122170,0.54,4.83,100.00,100.00
1,2473430,0.80,2.46,0.00,100.00
0,2177478,0.41,6.44,0.00,100.00
2,2205355,0.52,5.26,0.00,100.00
1,2232615,0.09,10.14,100.00,0.00
2,2309787,0.84,1.80,0.00,100.00
1,2410595,0.09,10.97,0.00,0.00
2,2190522,1.00,0.32,0.00,0.00
2,2412131,0.42,6.95,0.00,0.00
2,2595123,0.66,4.42,0.00,0.00
2,2463728,0.17,10.17,100.00,100.00
0,2579127,0.97,0.85,0.00,0.00
0,2440375,0.13,10.64,100.00,0.00
2,2411800,0.91,1.04,0.00,100.00
1,2377919,0.41,6.98,100.00,0.00
0,2420345,0.67,4.01,100.00,100.00
1,2394384,0.39,7.30,100.00,0.00
2,2406898,0.55,5.38,0.00,0.00
0,2303451,0.51,5.63,100.00,100.00
1,2156790,0.71,3.12,100.00,0.00
0,2542633,1.00,0.91,0.00,100.00
2,2317560,0.16,9.70,5.22,100.00
2,2466612,0.65,4.26,0.00,70.71
0,2303799,0.68,3.65,0.00,0.00
2,2616489,0.81,2.46,0.00,0.00
2,2264241,0.36,7.26,100.00,100.00
2,2163576,0.43,6.12,0.00,0.00
0,2496528,0.62,4.78,0.00,0.00
2,2338699,0.15,9.98,100.00,0.00
1,2405680,0.42,6.97,0.00,0.00
0,2157719,0.69,3.39,0.00,100.00
2,2295689,0.75,2.92,100.00,100.00
2,2537557,0.51,6.22,100.00,0.00
0,2178338,0.31,7.55,100.00,0.00
3,2573959,0.00,12.87,0.00,0.00
3,2590584,0.03,12.57,100.00,0.00
2,2433156,0.00,12.17,0.00,100.00
3,2319102,0.00,11.60,100.00,100.00
2,2524418,0.02,12.43,100.00,100.00
2,2140748,0.03,10.33,100.00,100.00
3,2455599,0.02,11.99,100.00,100.00
2,2273512,0.00,11.37,100.00,100.00
3,2249458,0.00,11.25,100.00,100.00
3,2570360,0.00,12.85,0.00,100.00
3,2107490,0.02,10.29,0.00,0.00
2,2193200,0.01,10.89,100.00,0.00
3,2428358,0.03,11.83,0.00,0.00
3,2346050,0.07,10.92,100.00,100.00
2,2449552,0.07,11.38,100.00,100.00
2,2550987,0.02,12.48,100.00,100.00
2,2397241,0.00,11.99,0.00,0.00
3,2350966,0.04,11.31,0.00,100.00
3,2452920,0.00,12.26,100.00,100.00
2,2122660,0.07,9.84,100.00,100.00
3,2440777,0.03,11.80,0.00,0.00
2,2245850,0.00,11.23,0.00,0.00
3,2466368,0.00,12.33,100.00,0.00
3,2188510,0.00,10.94,100.00,0.00
3,2418378,0.00,12.09,100.00,0.00
2,2245938,0.00,11.23,0.00,0.00
2,2436868,0.05,11.61,100.00,0.00
3,2573317,0.11,11.43,100.00,0.00
2,2138376,0.00,10.69,0.00,100.00
2,2205593,0.00,11.03,100.00,100.00
2,2512128,0.00,12.56,100.00,100.00
3,2315499,0.05,11.01,0.00,0.00
2,2482729,0.04,11.97,100.00,0.00
3,2180729,0.00,10.90,0.00,100.00
3,2250752,0.02,11.06,0.00,100.00
2,2115387,0.00,10.58,0.00,100.00
2,2190756,0.00,10.92,100.00,100.00
3,2130598,0.00,10.65,100.00,100.00
3,2593499,0.02,12.73,100.00,0.00
2,2548277,0.00,12.74,100.00,100.00
2,2281689,0.00,11.41,100.00,0.00
2,2193662,0.12,9.66,0.00,100.00
2,2149380,0.17,8.90,100.00,0.00
3,2195755,0.03,10.69,0.00,100.00
2,2430072,0.02,11.87,100.00,100.00
3,2545200,0.00,12.73,100.00,100.00
3,2231167,0.00,11.16,100.00,100.00
3,2286954,0.00,11.43,100.00,100.00
2,2451406,0.02,12.03,100.00,100.00
2,2203828,0.00,11.02,100.00,0.00
2,2388570,0.02,11.74,100.00,0.00
3,2404326,0.10,10.85,100.00,0.00
2,2468574,0.11,10.95,100.00,0.00
3,2468130,0.00,12.34,100.00,0.00
3,2551020,0.00,12.76,100.00,0.00
3,2568880,0.00,12.84,0.00,100.00
2,2421975,0.01,11.99,100.00,100.00
2,2184342,0.02,10.74,100.00,100.00
3,2459342,0.00,12.30,100.00,0.00
3,2567421,0.00,12.84,0.00,100.00
3,2308462,0.00,11.54,100.00,100.00
3,2434826,0.00,12.17,100.00,0.00
2,2533406,0.00,12.67,100.00,100.00
2,2584767,0.00,12.92,100.00,100.00
3,2179305,0.00,10.90,100.00,100.00
2,2199756,0.05,10.43,0.00,0.00
3,2338304,0.00,11.69,100.00,0.00
3,2153507,0.00,10.77,0.00,0.00
3,2150790,0.00,10.75,100.00,0.00
2,2501429,0.04,11.98,0.00,100.00
2,2575042,0.00,12.88,100.00,100.00
3,2342021,0.07,10.87,100.00,0.00
2,2522468,0.00,12.61,100.00,100.00
3,2621263,0.03,12.72,100.00,100.00
3,2309547,0.00,11.55,100.00,0.00
3,2126146,0.05,10.10,100.00,0.00
2,2156218,0.01,10.64,100.00,0.00
2,2236554,0.01,11.10,0.00,0.00
2,2140418,0.01,10.54,100.00,0.00
2,2353160,0.00,11.77,0.00,100.00
3,2469164,0.01,12.19,100.00,100.00
2,2355146,0.06,11.12,100.00,100.00
2,2514897,0.00,12.57,0.00,0.00
3,2431654,0.03,11.74,0.00,0.00
2,2200301,0.00,11.00,100.00,0.00
2,2492552,0.07,11.53,100.00,0.00
3,2615875,0.00,13.08,100.00,0.00
2,2405688,0.02,11.82,100.00,0.00
2,2617434,0.00,13.09,100.00,0.00
2,2216236,0.00,11.08,100.00,0.00
3,2481452,0.00,12.41,100.00,0.00
2,2448498,0.01,12.11,100.00,100.00
3,2181825,0.00,10.91,0.00,100.00
2,2515038,0.00,12.58,100.00,100.00
2,2571387,0.00,12.86,100.00,100.00
3,2209672,0.03,10.69,0.00,0.00
3,2439581,0.00,12.20,0.00,0.00
2,2175197,0.00,10.88,100.00,0.00
3,2271733,0.00,11.36,100.00,0.00
2,2141100,0.04,10.24,100.00,0.00
2,2257392,0.00,11.29,100.00,0.00
2,2300761,0.00,11.50,100.00,0.00
3,2486384,0.00,12.43,100.00,0.00
3,2294032,0.06,10.74,100.00,100.00
2,2507963,0.03,12.23,0.00,100.00
2,2269536,0.00,11.35,0.00,0.00
2,2250255,0.00,11.25,100.00,0.00
2,2204655,0.03,10.72,0.00,0.00
2,2439893,0.00,12.20,100.00,0.00
2,2236132,0.04,10.71,100.00,0.00
2,2332161,0.00,11.66,0.00,100.00
2,2345122,0.02,11.53,0.00,0.00
3,2434279,0.03,11.77,100.00,0.00
2,2383124,0.00,11.87,100.00,0.00
3,2131486,0.04,10.20,100.00,0.00
3,2122927,0.00,10.61,100.00,100.00
3,2192989,0.04,10.50,100.00,100.00
3,2608193,0.14,11.15,0.00,0.00
2,2347834,0.00,11.68,0.00,100.00
3,2438635,0.03,11.79,0.00,100.00
2,2188003,0.06,10.33,100.00,100.00
3,2384847,0.00,11.92,100.00,100.00
2,2224571,0.07,10.32,100.00,100.00
3,2225249,0.03,10.76,100.00,100.00
2,2516284,0.08,11.59,100.00,100.00
2,2594092,0.02,12.75,100.00,100.00
3,2595569,0.00,12.98,0.00,100.00
2,2213678,0.09,10.11,100.00,0.00
2,2253097,0.05,10.75,0.00,0.00
3,2389116,0.02,11.68,100.00,0.00
3,2221047,0.05,10.59,100.00,0.00
2,2217215,0.00,11.09,100.00,0.00
2,2603744,0.00,13.02,100.00,0.00
3,2287483,0.06,10.72,100.00,100.00
3,2558559,0.07,11.95,0.00,0.00
2,2315213,0.00,11.58,0.00,0.00
3,2546134,0.02,12.42,100.00,0.00
3,2233983,0.00,11.17,0.00,100.00
2,2482392,0.07,11.55,100.00,0.00
2,2276268,0.03,11.00,100.00,0.00
2,2116427,0.00,10.58,0.00,100.00
2,2468306,0.07,11.45,0.00,100.00
2,2250687,0.09,10.26,0.00,0.00
3,2381920,0.00,11.91,0.00,100.00
3,2610449,0.00,13.05,100.00,100.00
3,2175725,0.00,10.88,100.00,100.00
3,2178245,0.00,10.89,100.00,100.00
2,2365906,0.00,11.83,0.00,100.00
2,2513730,0.00,12.57,100.00,100.00
2,2618951,0.00,13.09,100.00,100.00
2,2359681,0.00,11.80,100.00,100.00
3,2497527,0.00,12.49,0.00,100.00
3,2282739,0.00,11.41,100.00,0.00
3,2391976,0.12,10.48,100.00,0.00
3,2465232,0.00,12.33,100.00,0.00
3,2377230,0.04,11.42,100.00,0.00
3,2483811,0.00,12.42,100.00,0.00
3,2358400,0.00,11.79,100.00,0.00
2,2609578,0.07,12.12,100.00,0.00
2,2596127,0.06,12.19,100.00,0.00
2,2229659,0.00,11.15,100.00,0.00
2,2616712,0.00,13.08,0.00,100.00
2,2363076,0.07,10.94,100.00,0.00
3,2551764,0.01,12.69,100.00,100.00
2,2574432,0.00,12.87,0.00,100.00
2,2418281,0.04,11.55,100.00,100.00
3,2407102,0.00,12.04,100.00,0.00
2,2400288,0.02,11.70,100.00,100.00
2,2358479,0.08,10.80,100.00,100.00
3,2268024,0.01,11.18,100.00,100.00
3,2136455,0.00,10.68,100.00,100.00
3,2333381,0.00,11.67,100.00,100.00
3,2151479,0.00,10.76,100.00,0.00
2,2110121,0.00,10.55,100.00,0.00
2,2186162,0.00,10.93,0.00,100.00
3,2346690,0.00,11.73,100.00,100.00
3,2333059,0.03,11.27,100.00,100.00
3,2255544,0.00,11.28,100.00,100.00
3,2246380,0.02,11.00,100.00,0.00
2,2409803,0.00,12.05,100.00,0.00
3,2422426,0.01,12.01,0.00,100.00
3,2471125,0.01,12.20,100.00,100.00
3,2593851,0.00,12.97,100.00,100.00
2,2447080,0.13,10.70,100.00,100.00
2,2617121,0.00,13.09,0.00,100.00
2,2474581,0.00,12.37,0.00,100.00
3,2173011,0.00,10.87,100.00,0.00
2,2175363,0.05,10.38,100.00,0.00
3,2520915,0.00,12.60,100.00,0.00
3,2289165,0.00,11.45,100.00,0.00
2,2605596,0.00,13.03,0.00,100.00
2,2224116,0.00,11.12,100.00,100.00
3,2358154,0.05,11.18,100.00,100.00
2,2191700,0.00,10.96,100.00,100.00
2,2347953,0.05,11.16,100.00,100.00
2,2500334,0.00,12.50,100.00,100.00
3,2320234,0.06,10.90,100.00,100.00
2,2163065,0.00,10.82,100.00,100.00
2,2311566,0.00,11.56,0.00,100.00
3,2170825,0.00,10.85,100.00,100.00
3,2205502,0.00,11.03,100.00,100.00
3,2172885,0.00,10.86,100.00,100.00
2,2506344,0.06,11.73,0.00,0.00
3,2522988,0.02,12.37,0.00,0.00
3,2406373,0.04,11.52,100.00,0.00
3,2524117,0.00,12.62,100.00,0.00
3,2255064,0.00,11.28,100.00,0.00
3,2156395,0.01,10.68,0.00,100.00
3,2220651,0.11,9.91,100.00,100.00
3,2478453,0.01,12.30,100.00,100.00
2,2323656,0.00,11.62,100.00,100.00
3,2614380,0.08,11.98,0.00,100.00
3,2126476,0.00,10.63,100.00,100.00
3,2206350,0.00,11.03,100.00,100.00
2,2601378,0.00,13.01,100.00,100.00
3,2484205,0.00,12.42,100.00,100.00
2,2395863,0.09,10.89,100.00,100.00
2,2605263,0.01,12.90,100.00,0.00
2,2166414,0.00,10.78,100.00,0.00
3,2131188,0.00,10.66,100.00,0.00
2,2570975,0.00,12.85,100.00,0.00
3,2591339,0.00,12.96,100.00,0.00
3,2554578,0.00,12.73,100.00,0.00
2,2214772,0.00,11.07,100.00,0.00
2,2224172,0.00,11.12,100.00,0.00
3,2252953,0.11,10.04,100.00,100.00
3,2370218,0.04,11.42,0.00,100.00
2,2159052,0.04,10.41,100.00,0.00
3,2279542,0.08,10.50,100.00,0.00
3,2576543,0.07,12.03,100.00,100.00
3,2525325,0.03,12.23,100.00,0.00
2,2451666,0.06,11.58,100.00,0.00
3,2163152,0.00,10.82,100.00,0.00
2,2363332,0.08,10.85,100.00,0.00
2,2235057,0.00,11.18,100.00,0.00
2,2535024,0.02,12.46,0.00,0.00
2,2186086,0.02,10.68,100.00,0.00
3,2157125,0.00,10.79,0.00,100.00
3,2100732,0.03,10.15,100.00,100.00
3,2548507,0.00,12.74,100.00,100.00
3,2466941,0.00,12.33,100.00,100.00
2,2237647,0.01,11.05,100.00,100.00
2,2434723,0.01,12.06,100.00,100.00
2,2402691,0.05,11.44,100.00,0.00
3,2396651,0.01,11.84,0.00,100.00
3,2514613,0.00,12.57,100.00,100.00
3,2125621,0.00,10.63,100.00,100.00
3,2204055,0.00,11.02,100.00,100.00
3,2315894,0.00,11.58,100.00,100.00
2,2394034,0.00,11.97,100.00,100.00
2,2189310,0.00,10.95,100.00,100.00
3,2426101,0.00,12.08,100.00,100.00
3,2129957,0.00,10.65,0.00,100.00
2,2551229,0.00,12.76,100.00,100.00
3,2308368,0.00,11.54,0.00,0.00
2,2353669,0.14,10.13,0.00,0.00
2,2163889,0.00,10.82,100.00,0.00
3,2199805,0.02,10.73,0.00,0.00
2,2221782,0.00,11.11,100.00,0.00
2,2462041,0.02,12.04,100.00,0.00
3,2182698,0.00,10.91,100.00,0.00
2,2174647,0.08,9.97,100.00,0.00
3,2279255,0.00,11.40,100.00,0.00
3,2166153,0.07,10.05,100.00,0.00
3,2384990,0.00,11.92,100.00,0.00
2,2352298,0.08,10.80,0.00,0.00
2,2145594,0.00,10.73,0.00,100.00
2,2112166,0.06,9.89,100.00,100.00
3,2410998,0.00,12.05,100.00,100.00
2,2323504,0.01,11.46,100.00,100.00
2,2149032,0.00,10.75,100.00,100.00
2,2588392,0.03,12.52,100.00,100.00
2,2147135,0.00,10.74,0.00,100.00
2,2220397,0.01,11.00,100.00,100.00
2,2343209,0.03,11.34,0.00,100.00
3,2502746,0.06,11.72,0.00,100.00
3,2154789,0.02,10.52,100.00,0.00
2,2134833,0.00,10.67,0.00,0.00
3,2193205,0.00,10.97,100.00,0.00
3,2577477,0.03,12.51,0.00,52.80
2,2317634,0.02,11.41,100.00,52.80
3,2322972,0.04,11.19,100.00,52.80
3,2442037,0.00,12.21,0.00,100.00
3,2426153,0.05,11.58,100.00,100.00
2,2377899,0.03,11.57,0.00,0.00
2,2362571,0.08,10.88,100.00,0.00
3,2444163,0.02,11.97,0.00,0.00
3,2230334,0.05,10.63,100.00,0.00
3,2517830,0.00,12.59,0.00,0.00
2,2535315,0.07,11.85,100.00,0.00
3,2518883,0.01,12.46,100.00,0.00
3,2164677,0.00,10.82,0.00,100.00
3,2391527,0.00,11.96,100.00,100.00
3,2260855,0.00,11.30,100.00,100.00
3,2476818,0.00,12.38,100.00,100.00
2,2617478,0.05,12.46,100.00,0.00
3,2356269,0.00,11.78,100.00,0.00
2,2193543,0.00,10.97,100.00,100.00
3,2286671,0.00,11.43,100.00,100.00
3,2390953,0.02,11.76,100.00,0.00
2,2410391,0.00,12.05,100.00,0.00
2,2224555,0.00,11.12,100.00,0.00
2,2140368,0.00,10.66,0.00,100.00
2,2270637,0.01,11.24,100.00,100.00
2,2344027,0.05,11.19,0.00,0.00
3,2197379,0.01,10.91,100.00,0.00
2,2227652,0.07,10.36,100.00,0.00
3,2179948,0.00,10.90,0.00,100.00
3,2217186,0.00,11.09,100.00,100.00
2,2447954,0.02,12.00,100.00,0.00
3,2319584,0.02,11.35,100.00,0.00
3,2100309,0.00,10.50,0.00,0.00
3,2559621,0.05,12.14,0.00,0.00
2,2448014,0.00,12.24,100.00,0.00
3,2446283,0.00,12.20,0.00,0.00
2,2420357,0.00,12.10,0.00,100.00
2,2483595,0.00,12.42,100.00,100.00
3,2154802,0.00,10.77,0.00,0.00
3,2605121,0.00,13.03,100.00,0.00
3,2462404,0.00,12.31,100.00,0.00
3,2447409,0.00,12.24,100.00,0.00
3,2307615,0.00,11.54,100.00,0.00
3,2259684,0.05,10.79,100.00,0.00
3,2322972,0.01,11.55,100.00,0.00
3,2444582,0.00,12.22,100.00,100.00
2,2464917,0.00,12.32,100.00,100.00
2,2576330,0.00,12.88,100.00,100.00
3,2228688,0.09,10.11,100.00,100.00
3,2198355,0.00,10.99,100.00,100.00
2,2545367,0.00,12.73,0.00,0.00
3,2259206,0.07,10.51,0.00,0.00
3,2525432,0.06,11.87,100.00,0.00
2,2428054,0.00,12.14,0.00,100.00
2,2589837,0.00,12.92,100.00,100.00
3,2221033,0.03,10.79,100.00,100.00
3,2498579,0.09,11.39,100.00,100.00
3,2204781,0.06,10.37,0.00,100.00
3,2257528,0.08,10.37,100.00,100.00
3,2583468,0.00,12.90,100.00,100.00
3,2488111,0.00,12.44,100.00,100.00
2,2284671,0.04,10.96,0.00,100.00
3,2285465,0.00,11.43,100.00,100.00
3,2398286,0.02,11.74,100.00,0.00
2,2403539,0.10,10.81,0.00,0.00
3,2446523,0.04,11.71,100.00,0.00
2,2579800,0.00,12.90,100.00,0.00
3,2322678,0.00,11.61,0.00,100.00
2,2365466,0.07,10.96,100.00,100.00
2,2187565,0.00,10.94,100.00,100.00
3,2614795,0.00,13.07,100.00,100.00
3,2488613,0.01,12.35,100.00,100.00
2,2283223,0.01,11.29,100.00,100.00
3,2512651,0.00,12.56,100.00,100.00
3,2347236,0.04,11.24,0.00,100.00
2,2118603,0.00,10.59,100.00,100.00
3,2480208,0.05,11.72,100.00,100.00
3,2385983,0.00,11.93,100.00,100.00
3,2200737,0.02,10.76,0.00,100.00
2,2293115,0.01,11.33,0.00,100.00
3,2316774,0.00,11.58,100.00,100.00
3,2313369,0.00,11.57,0.00,0.00
2,2507825,0.03,12.21,0.00,0.00
2,2250331,0.04,10.84,100.00,0.00
2,2319082,0.00,11.60,0.00,0.00
3,2405915,0.05,11.42,100.00,0.00
2,2571207,0.00,12.86,100.00,100.00
3,2586449,0.00,12.93,100.00,100.00
3,2264722,0.00,11.29,100.00,100.00
3,2306550,0.07,10.76,0.00,100.00
3,2294486,0.00,11.47,100.00,100.00
3,2606604,0.00,13.03,0.00,0.00
2,2213524,0.00,11.07,100.00,100.00
3,2606877,0.05,12.41,100.00,100.00
2,2176095,0.00,10.88,100.00,100.00
2,2583118,0.08,11.92,0.00,0.00
2,2431960,0.04,11.71,100.00,0.00
2,2098992,0.00,10.49,100.00,0.00
3,2399879,0.01,11.82,0.00,0.00
3,2581876,0.04,12.35,100.00,0.00
3,2382214,0.00,11.91,100.00,0.00
3,2128853,0.00,10.64,100.00,0.00
2,2436956,0.00,12.18,100.00,0.00
2,2178158,0.02,10.68,100.00,0.00
3,2245852,0.00,11.21,0.00,100.00
3,2501846,0.00,12.51,100.00,100.00
3,2465808,0.05,11.74,100.00,100.00
2,2135098,0.00,10.68,100.00,100.00
3,2328108,0.00,11.64,100.00,100.00
2,2198248,0.00,10.99,100.00,100.00
3,2534854,0.03,12.26,100.00,100.00
2,2252276,0.02,11.07,100.00,100.00
3,2540674,0.00,12.70,100.00,100.00
3,2196388,0.06,10.27,100.00,100.00
2,2187212,0.03,10.56,100.00,100.00
3,2511658,0.00,12.56,100.00,100.00
2,2146000,0.00,10.73,0.00,0.00
3,2207572,0.02,10.87,100.00,0.00
2,2454715,0.06,11.49,100.00,100.00
2,2413489,0.07,11.16,100.00,0.00
2,2364898,0.00,11.82,100.00,0.00
3,2512729,0.03,12.23,0.00,100.00
3,2463720,0.04,11.80,100.00,100.00
2,2474124,0.00,12.37,0.00,0.00
3,2538691,0.00,12.69,0.00,100.00
3,2246673,0.02,10.96,0.00,100.00
2,2389044,0.00,11.95,100.00,100.00
3,2395447,0.00,11.98,100.00,100.00
2,2462487,0.00,12.31,100.00,100.00
2,2275530,0.02,11.15,0.00,0.00
3,2452999,0.00,12.26,100.00,0.00
3,2242668,0.00,11.21,0.00,100.00
2,2217025,0.07,10.28,100.00,100.00
3,2498109,0.00,12.44,0.00,100.00
3,2376973,0.03,11.50,100.00,100.00
2,2172252,0.00,10.86,100.00,100.00
3,2202451,0.04,10.60,100.00,100.00
3,2532950,0.00,12.66,100.00,0.00
2,2604805,0.07,12.14,100.00,0.00
2,2373122,0.00,11.87,100.00,100.00
3,2318747,0.07,10.83,100.00,100.00
3,2212432,0.06,10.43,100.00,100.00
3,2577590,0.00,12.89,100.00,100.00
3,2329822,0.00,11.65,100.00,100.00
2,2135407,0.00,10.68,100.00,100.00
2,2190033,0.06,10.30,100.00,100.00
3,2114415,0.07,9.86,100.00,100.00
2,2159895,0.04,10.39,0.00,0.00
2,2283136,0.01,11.30,0.00,0.00
3,2117377,0.00,10.59,100.00,0.00
3,2464916,0.04,11.88,100.00,100.00
3,2563687,0.01,12.68,100.00,100.00
2,2272495,0.00,11.36,100.00,0.00
2,2183197,0.00,10.92,100.00,100.00
3,2098978,0.04,10.09,0.00,100.00
2,2282890,0.00,11.41,100.00,100.00
2,2461789,0.11,10.91,0.00,0.00
2,2486400,0.02,12.21,100.00,0.00
2,2171248,0.00,10.86,0.00,100.00
2,2569181,0.00,12.85,100.00,100.00
3,2478295,0.00,12.39,100.00,100.00
3,2357811,0.00,11.79,100.00,100.00
2,2462566,0.00,12.31,100.00,100.00
3,2346975,0.00,11.73,100.00,100.00
2,2242754,0.00,11.21,100.00,0.00
3,2402092,0.00,12.01,100.00,0.00
2,2576102,0.00,12.88,100.00,0.00
2,2280588,0.01,11.30,100.00,0.00
3,2348931,0.00,11.74,100.00,0.00
2,2557578,0.00,12.73,100.00,100.00
2,2489318,0.00,12.45,100.00,100.00
2,2211201,0.00,11.06,100.00,100.00
2,2130530,0.00,10.65,100.00,100.00
2,2392173,0.03,11.62,100.00,100.00
3,2330579,0.00,11.65,0.00,100.00
3,2318754,0.07,10.80,100.00,100.00
2,2551247,0.02,12.49,100.00,100.00
2,2131782,0.00,10.66,100.00,100.00
2,2116385,0.06,9.93,100.00,100.00
2,2593658,0.03,12.53,100.00,100.00
2,2111419,0.02,10.34,100.00,100.00
2,2601359,0.00,13.01,0.00,0.00
3,2534159,0.08,11.63,100.00,100.00
3,2419383,0.02,11.87,100.00,0.00
2,2334080,0.00,11.67,100.00,0.00
3,2478819,0.00,12.39,100.00,0.00
2,2506780,0.00,12.53,0.00,100.00
3,2578484,0.03,12.56,100.00,0.00
3,2233710,0.04,10.69,100.00,0.00
2,2180181,0.05,10.32,0.00,0.00
3,2219813,0.00,11.10,100.00,0.00
2,2314748,0.06,10.93,100.00,0.00
3,2249648,0.01,11.11,0.00,100.00
2,2299710,0.00,11.50,100.00,0.00
2,2298043,0.00,11.49,100.00,0.00
2,2472497,0.00,12.36,0.00,15.72
2,2511160,0.00,12.56,100.00,15.72
2,2446131,0.10,11.04,0.00,100.00
2,2191446,0.00,10.96,100.00,100.00
3,2308848,0.03,11.17,0.00,0.00
2,2228994,0.04,10.72,100.00,0.00
2,2350099,0.00,11.75,0.00,100.00
3,2539696,0.00,12.70,100.00,100.00
2,2150500,0.00,10.75,100.00,100.00
2,2439854,0.00,12.20,100.00,100.00
2,2289219,0.00,11.45,0.00,0.00
3,2609403,0.01,12.88,100.00,0.00
2,2385542,0.05,11.27,0.00,0.00
3,2288385,0.02,11.17,100.00,0.00
2,2242186,0.04,10.79,100.00,0.00
2,2383661,0.00,11.90,100.00,0.00
3,2319727,0.00,11.60,0.00,0.00
3,2307072,0.00,11.54,100.00,0.00
2,2371085,0.03,11.44,100.00,100.00
3,2495887,0.02,12.27,0.00,100.00
3,2427240,0.07,11.27,100.00,100.00
2,2238800,0.04,10.72,100.00,0.00
3,2361173,0.11,10.57,100.00,0.00
2,2208821,0.01,10.95,100.00,0.00
3,2441426,0.00,12.21,100.00,0.00
2,2596610,0.09,11.84,100.00,100.00
2,2505626,0.05,11.92,100.00,100.00
3,2182061,0.00,10.91,100.00,100.00
3,2571993,0.00,12.86,100.00,100.00
3,2208548,0.00,11.04,100.00,0.00
2,2262001,0.07,10.48,100.00,0.00
2,2222775,0.00,11.11,100.00,0.00
3,2374679,0.00,11.87,0.00,100.00
2,2249588,0.07,10.49,100.00,100.00
3,2472104,0.00,12.36,0.00,100.00
3,2238762,0.00,11.19,100.00,100.00
2,2222428,0.03,10.73,100.00,100.00
2,2266776,0.00,11.33,100.00,100.00
2,2466328,0.01,12.19,100.00,100.00
3,2534176,0.07,11.82,100.00,100.00
3,2168409,0.00,10.84,0.00,100.00
2,2550606,0.03,12.31,100.00,100.00
2,2209856,0.06,10.35,100.00,100.00
3,2256713,0.01,11.22,100.00,0.00
3,2451142,0.00,12.26,100.00,0.00
3,2312808,0.00,11.56,100.00,0.00
3,2541584,0.00,12.71,100.00,0.00
3,2324904,0.00,11.62,100.00,0.00
2,2123538,0.02,10.42,100.00,100.00
2,2159232,0.00,10.80,100.00,100.00
3,2135075,0.03,10.34,100.00,0.00
3,2114995,0.00,10.57,100.00,0.00
3,2126995,0.11,9.43,0.00,100.00
3,2603990,0.00,12.96,100.00,100.00
2,2477225,0.00,12.39,100.00,100.00
2,2312727,0.00,11.56,100.00,100.00
3,2550094,0.00,12.74,0.00,0.00
2,2258874,0.02,11.06,100.00,100.00
2,2501448,0.01,12.39,100.00,100.00
3,2438060,0.00,12.19,100.00,0.00
2,2187539,0.00,10.94,0.00,0.00
3,2375516,0.00,11.83,0.00,100.00
2,2607847,0.00,13.04,100.00,100.00
2,2526870,0.00,12.63,100.00,100.00
3,2272628,0.00,11.36,100.00,100.00
2,2566026,0.03,12.40,100.00,100.00
2,2564072,0.00,12.82,100.00,0.00
3,2613202,0.00,13.07,100.00,0.00
3,2529372,0.00,12.65,100.00,100.00
3,2569132,0.01,12.78,0.00,100.00
2,2617442,0.05,12.43,100.00,100.00
2,2330854,0.00,11.65,100.00,100.00
2,2491558,0.00,12.46,100.00,100.00
3,2343666,0.00,11.72,100.00,100.00
3,2392823,0.00,11.96,0.00,100.00
2,2248622,0.00,11.24,0.00,0.00
3,2515477,0.00,12.55,100.00,0.00
3,2435852,0.00,12.18,0.00,0.00
3,2493446,0.00,12.47,100.00,0.00
3,2157421,0.03,10.49,100.00,0.00
2,2388035,0.00,11.94,100.00,0.00
2,2116546,0.05,10.10,61.29,100.00
3,2336918,0.00,11.68,100.00,100.00
3,2556850,0.04,12.34,100.00,100.00
2,2334109,0.03,11.31,100.00,100.00
2,2599379,0.00,13.00,100.00,100.00
3,2234290,0.00,11.17,100.00,100.00
2,2107938,0.07,9.81,100.00,100.00
2,2378643,0.05,11.30,100.00,100.00
3,2122799,0.01,10.52,100.00,0.00
3,2473003,0.02,12.13,0.00,100.00
3,2120208,0.01,10.48,100.00,100.00
2,2460910,0.03,11.93,100.00,100.00
3,2425503,0.04,11.68,0.00,0.00
2,2420161,0.00,12.06,100.00,0.00
2,2398389,0.00,11.99,100.00,0.00
3,2613990,0.00,13.07,0.00,0.00
3,2471460,0.00,12.36,100.00,0.00
2,2107545,0.00,10.54,0.00,0.00
3,2495111,0.00,12.48,100.00,0.00
2,2196217,0.01,10.85,0.00,0.00
2,2437776,0.03,11.87,100.00,0.00
3,2354635,0.00,11.77,100.00,0.00
2,2166677,0.00,10.83,100.00,0.00
3,2279720,0.00,11.40,100.00,0.00
3,2165684,0.00,10.83,100.00,0.00
2,2097670,0.05,9.99,100.00,0.00
2,2403361,0.00,12.02,100.00,0.00
2,2614986,0.06,12.24,100.00,0.00
2,2456180,0.00,12.28,100.00,0.00
2,2426705,0.00,12.13,0.00,0.00
3,2599917,0.00,13.00,0.00,0.00
3,2503335,0.00,12.52,100.00,0.00
3,2232117,0.02,10.98,100.00,100.00
2,2251263,0.00,11.26,100.00,100.00
3,2256213,0.00,11.28,0.00,0.00
3,2505015,0.00,12.53,100.00,100.00
3,2582773,0.11,11.44,100.00,0.00
2,2459246,0.02,12.02,100.00,0.00
2,2494735,0.00,12.47,100.00,0.00
2,2260806,0.03,10.95,100.00,100.00
3,2580908,0.01,12.75,100.00,100.00
2,2420724,0.01,11.99,100.00,100.00
3,2433069,0.06,11.40,100.00,0.00
3,2134961,0.02,10.49,0.00,0.00
3,2561580,0.04,12.29,100.00,0.00
2,2422025,0.00,12.11,100.00,0.00
3,2534150,0.05,12.09,0.00,100.00
3,2213981,0.00,11.07,100.00,100.00
2,2234426,0.00,11.14,0.00,100.00
3,2131951,0.01,10.57,0.00,100.00
2,2319371,0.02,11.33,100.00,100.00
3,2550322,0.00,12.75,100.00,100.00
2,2201375,0.02,10.80,100.00,0.00
3,2155591,0.07,10.05,100.00,100.00
2,2365645,0.00,11.83,100.00,100.00
3,2595995,0.00,12.98,100.00,100.00
3,2172784,0.00,10.86,100.00,100.00
3,2425109,0.03,11.74,0.00,100.00
2,2389294,0.00,11.95,0.00,0.00
3,2513870,0.00,12.57,100.00,100.00
3,2277986,0.01,11.25,100.00,100.00
2,2585760,0.00,12.93,100.00,100.00
3,2515709,0.14,10.87,100.00,100.00
3,2155125,0.00,10.78,100.00,100.00
3,2554493,0.06,11.96,100.00,100.00
3,2490577,0.00,12.45,100.00,100.00
3,2152438,0.00,10.76,100.00,100.00
2,2552985,0.08,11.74,100.00,0.00
2,2545441,0.03,12.38,100.00,0.00
2,2473445,0.00,12.31,100.00,0.00
2,2136335,0.00,10.68,100.00,0.00
2,2202058,0.00,11.01,0.00,0.00
2,2415761,0.00,12.08,100.00,0.00
2,2347787,0.03,11.38,0.00,0.00
2,2391310,0.00,11.96,100.00,0.00
2,2290288,0.01,11.32,100.00,0.00
3,2184209,0.13,9.45,0.00,100.00
2,2157556,0.04,10.32,100.00,100.00
2,2517320,0.01,12.50,0.00,0.00
2,2286065,0.00,11.43,100.00,100.00
3,2148882,0.02,10.49,100.00,100.00
2,2150222,0.00,10.75,100.00,100.00
3,2345085,0.01,11.57,100.00,100.00
3,2438775,0.00,12.19,0.00,100.00
2,2619623,0.00,13.10,100.00,100.00
3,2338267,0.00,11.69,100.00,100.00
2,2130602,0.00,10.65,0.00,100.00
2,2618725,0.00,13.09,0.00,0.00
3,2593048,0.00,12.97,100.00,0.00
2,2356661,0.00,11.78,0.00,100.00
3,2199062,0.00,11.00,100.00,100.00
3,2598887,0.00,12.99,100.00,0.00
3,2396260,0.00,11.98,100.00,0.00
2,2472737,0.00,12.36,100.00,0.00
2,2278205,0.00,11.39,100.00,100.00
2,2242853,0.05,10.68,11.94,0.00
2,2251058,0.00,11.26,100.00,0.00
2,2247149,0.00,11.24,0.00,100.00
3,2106081,0.04,10.11,0.00,100.00
3,2534174,0.05,12.10,0.00,100.00
2,2354733,0.00,11.77,100.00,0.00
3,2272877,0.01,11.21,100.00,0.00
2,2597472,0.01,12.88,0.00,100.00
2,2536757,0.02,12.37,100.00,100.00
3,2119090,0.00,10.60,100.00,100.00
3,2487657,0.02,12.24,100.00,100.00
3,2536358,0.08,11.62,100.00,100.00
3,2155182,0.00,10.77,100.00,100.00
2,2395458,0.00,11.98,0.00,0.00
2,2521277,0.00,12.61,78.00,100.00
3,2112214,0.00,10.56,42.46,100.00
2,2284802,0.00,11.42,100.00,100.00
2,2337882,0.13,10.17,100.00,100.00
3,2128932,0.07,9.89,100.00,100.00
2,2123058,0.04,10.17,100.00,100.00
3,2214579,0.00,11.07,100.00,100.00
2,2498687,0.00,12.49,0.00,100.00
3,2493315,0.00,12.47,100.00,100.00
3,2126227,0.00,10.63,100.00,100.00
3,2215221,0.12,9.75,0.00,0.00
2,2517629,0.00,12.59,100.00,0.00
2,2317793,0.00,11.59,0.00,0.00
2,2516973,0.07,11.71,100.00,0.00
3,2108827,0.06,9.88,0.00,0.00
3,2350729,0.09,10.73,0.00,0.00
3,2580573,0.07,12.03,0.00,0.00
3,2320465,0.01,11.52,0.00,0.00
2,2519275,0.02,12.31,100.00,0.00
3,2330207,0.00,11.65,100.00,0.00
3,2336332,0.01,11.59,100.00,0.00
2,2337211,0.02,11.41,0.00,0.00
2,2103985,0.00,10.51,100.00,0.00
2,2305606,0.00,11.53,100.00,100.00
2,2606709,0.01,12.85,100.00,100.00
3,2446609,0.02,12.02,91.55,0.00
3,2205343,0.09,10.08,0.00,0.00
3,2187743,0.00,10.94,100.00,0.00
3,2244101,0.00,11.22,100.00,0.00
3,2303232,0.00,11.52,0.00,100.00
3,2608188,0.13,11.29,100.00,100.00
2,2524801,0.00,12.62,100.00,100.00
2,2390241,0.00,11.92,100.00,100.00
3,2204687,0.08,10.17,0.00,100.00
3,2150111,0.00,10.75,100.00,100.00
3,2571279,0.00,12.86,100.00,100.00
2,2319948,0.00,11.60,100.00,100.00
2,2132537,0.05,10.13,100.00,100.00
2,2136557,0.02,10.49,100.00,100.00
2,2552505,0.00,12.76,100.00,100.00
2,2167830,0.02,10.63,100.00,100.00
3,2525101,0.01,12.46,100.00,0.00
2,2510374,0.00,12.55,100.00,0.00
2,2515312,0.00,12.58,0.00,100.00
2,2156042,0.00,10.78,100.00,100.00
2,2210707,0.00,11.05,100.00,0.00
2,2114164,0.00,10.57,0.00,100.00
3,2556989,0.00,12.78,0.00,0.00
2,2574339,0.00,12.87,100.00,0.00
2,2207276,0.00,10.98,100.00,0.00
3,2270232,0.00,11.35,100.00,0.00
3,2180539,0.00,10.90,0.00,0.00
3,2170460,0.00,10.85,100.00,0.00
2,2301689,0.03,11.14,100.00,0.00
2,2528908,0.00,12.64,100.00,0.00
2,2333946,0.05,11.06,100.00,100.00
3,2602243,0.00,13.01,100.00,0.00
2,2371734,0.04,11.38,100.00,0.00
2,2470436,0.02,12.16,100.00,0.00
3,2183439,0.04,10.51,100.00,0.00
2,2530233,0.04,12.18,0.00,100.00
2,2162737,0.01,10.67,100.00,100.00
2,2539485,0.00,12.70,100.00,100.00
2,2201939,0.04,10.53,100.00,100.00
3,2308831,0.00,11.54,100.00,100.00
2,2521631,0.00,12.61,0.00,100.00
3,2438984,0.02,11.99,0.00,100.00
2,2294551,0.01,11.35,100.00,100.00
2,2607331,0.00,13.04,100.00,100.00
3,2143995,0.02,10.46,0.00,0.00
3,2315284,0.04,11.09,0.00,100.00
2,2442534,0.06,11.54,100.00,0.00
2,2424561,0.05,11.56,100.00,0.00
3,2459847,0.00,12.30,0.00,100.00
3,2415348,0.05,11.42,100.00,100.00
2,2111610,0.00,10.56,0.00,100.00
3,2143211,0.01,10.61,0.00,100.00
3,2364141,0.00,11.81,100.00,100.00
3,2276959,0.00,11.38,100.00,100.00
2,2472374,0.08,11.35,0.00,100.00
3,2470694,0.02,12.16,0.00,0.00
2,2356222,0.06,11.05,0.00,100.00
2,2449623,0.00,12.25,100.00,100.00
3,2445651,0.00,12.23,100.00,100.00
3,2612361,0.00,13.06,100.00,100.00
3,2378316,0.00,11.89,100.00,100.00
3,2577858,0.00,12.89,0.00,17.25
2,2537365,0.07,11.80,100.00,0.00
3,2247286,0.07,10.44,0.00,0.00
3,2538712,0.00,12.69,100.00,0.00
2,2324259,0.04,11.10,0.00,0.00
2,2573638,0.01,12.79,100.00,0.00
2,2531439,0.02,12.45,100.00,0.00
2,2172609,0.00,10.86,100.00,0.00
3,2097752,0.00,10.49,100.00,0.00
3,2491651,0.00,12.46,100.00,0.00
2,2212821,0.05,10.49,100.00,0.00
3,2386904,0.00,11.91,100.00,0.00
3,2435125,0.05,11.63,100.00,0.00
3,2125552,0.01,10.52,100.00,0.00
3,2188697,0.00,10.94,100.00,0.00
2,2238144,0.00,11.19,100.00,0.00
2,2422954,0.02,11.90,100.00,100.00
3,2324068,0.01,11.51,100.00,0.00
3,2572528,0.00,12.86,100.00,100.00
3,2578608,0.00,12.86,100.00,0.00
3,2280711,0.00,11.39,100.00,100.00
2,2157379,0.06,10.19,0.00,100.00
2,2472143,0.00,12.36,100.00,100.00
2,2248034,0.05,10.72,0.00,0.00
3,2195205,0.03,10.66,100.00,100.00
3,2404168,0.05,11.48,0.00,100.00
3,2300503,0.01,11.35,0.00,100.00
3,2218847,0.00,11.09,100.00,100.00
2,2579645,0.02,12.70,0.00,0.00
3,2206317,0.00,11.02,100.00,0.00
2,2248485,0.00,11.24,100.00,0.00
3,2104333,0.00,10.52,100.00,0.00
2,2165209,0.00,10.83,100.00,0.00
2,2257322,0.00,11.29,100.00,0.00
3,2152656,0.00,10.76,0.00,100.00
3,2224121,0.02,10.95,0.00,0.00
2,2144377,0.00,10.72,100.00,100.00
2,2514456,0.00,12.57,100.00,100.00
2,2393777,0.03,11.67,100.00,100.00
3,2288721,0.09,10.46,0.00,0.00
2,2365274,0.05,11.18,100.00,0.00
3,2435651,0.00,12.18,100.00,0.00
2,2545664,0.01,12.62,100.00,0.00
2,2450117,0.01,12.10,0.00,100.00
3,2325850,0.00,11.63,100.00,100.00
2,2191268,0.00,10.96,0.00,0.00
3,2214233,0.00,11.07,100.00,0.00
2,2620577,0.04,12.54,100.00,100.00
3,2339754,0.00,11.70,100.00,100.00
2,2458298,0.00,12.29,100.00,100.00
2,2479956,0.04,11.86,100.00,0.00
3,2179681,0.00,10.90,100.00,0.00
2,2386744,0.00,11.93,100.00,0.00
2,2606849,0.03,12.64,100.00,0.00
3,2362926,0.05,11.22,100.00,0.00
3,2406935,0.06,11.26,0.00,100.00
2,2425570,0.00,12.13,0.00,100.00
3,2135533,0.02,10.49,100.00,100.00
2,2249684,0.01,11.16,0.00,0.00
3,2420557,0.00,12.10,100.00,0.00
2,2314595,0.01,11.50,100.00,100.00
2,2247401,0.00,11.24,0.00,0.00
3,2111987,0.03,10.20,100.00,0.00
2,2178754,0.02,10.64,100.00,0.00
3,2166166,0.00,10.83,100.00,0.00
2,2221277,0.00,11.11,100.00,0.00
3,2375719,0.00,11.88,100.00,0.00
3,2495270,0.04,12.01,0.00,100.00
2,2220019,0.05,10.56,0.00,100.00
3,2525900,0.00,12.63,100.00,100.00
2,2186295,0.10,9.83,100.00,100.00
3,2116663,0.00,10.58,0.00,100.00
3,2144598,0.00,10.72,100.00,100.00
3,2606628,0.02,12.81,100.00,100.00
3,2247793,0.00,11.24,100.00,100.00
3,2500445,0.04,11.95,0.00,0.00
3,2588264,0.00,12.94,0.00,0.00
3,2144088,0.00,10.72,100.00,0.00
2,2347322,0.01,11.59,100.00,0.00
2,2132522,0.00,10.66,100.00,0.00
3,2377771,0.02,11.66,100.00,0.00
3,2358908,0.00,11.79,0.00,100.00
3,2115576,0.03,10.24,0.00,0.00
2,2311025,0.05,11.01,100.00,0.00
2,2126368,0.00,10.63,0.00,100.00
3,2209677,0.00,11.05,100.00,100.00
2,2157806,0.00,10.79,100.00,100.00
3,2468784,0.00,12.34,100.00,100.00
3,2422406,0.05,11.54,100.00,100.00
3,2252414,0.00,11.26,100.00,100.00
2,2298236,0.00,11.49,100.00,100.00
3,2319002,0.11,10.27,0.00,100.00
3,2374220,0.07,11.02,0.00,0.00
2,2533627,0.06,11.86,100.00,0.00
2,2175060,0.00,10.88,100.00,0.00
2,2151825,0.00,10.76,0.00,0.00
2,2456515,0.10,11.00,100.00,0.00
2,2271563,0.00,11.36,100.00,0.00
3,2209374,0.01,10.99,100.00,0.00
2,2258004,0.00,11.29,100.00,0.00
3,2169568,0.03,10.55,100.00,0.00
2,2511208,0.07,11.67,100.00,100.00
3,2553615,0.00,12.77,100.00,100.00
3,2157345,0.04,10.34,0.00,100.00
3,2408104,0.09,11.00,0.00,0.00
3,2366708,0.00,11.83,0.00,100.00
3,2269519,0.02,11.18,0.00,100.00
3,2421939,0.10,10.90,0.00,0.00
2,2209189,0.00,11.05,100.00,100.00
3,2438736,0.00,12.19,100.00,100.00
3,2519659,0.00,12.60,100.00,100.00
3,2499456,0.00,12.50,100.00,100.00
3,2222620,0.00,11.11,100.00,100.00
2,2369948,0.02,11.56,0.00,0.00
3,2416147,0.00,12.08,100.00,0.00
2,2358472,0.00,11.79,0.00,0.00
3,2542226,0.07,11.88,100.00,0.00
3,2422519,0.00,12.11,0.00,100.00
2,2589337,0.00,12.95,100.00,100.00
2,2550034,0.07,11.89,0.00,100.00
2,2221095,0.09,10.16,100.00,100.00
2,2462317,0.00,12.31,0.00,100.00
3,2611501,0.01,12.90,100.00,0.00
2,2178343,0.00,10.89,100.00,0.00
2,2359951,0.00,11.80,100.00,100.00
3,2399270,0.02,11.73,0.00,0.00
3,2606260,0.00,13.03,100.00,100.00
3,2361678,0.00,11.76,0.00,0.00
2,2341228,0.00,11.71,100.00,0.00
3,2522465,0.00,12.61,0.00,0.00
2,2491771,0.11,11.06,100.00,0.00
3,2585083,0.00,12.93,100.00,0.00
2,2199408,0.06,10.36,100.00,0.00
2,2112866,0.08,9.73,100.00,0.00
2,2239040,0.00,11.20,0.00,0.00
3,2351470,0.00,11.76,100.00,100.00
3,2454735,0.00,12.27,100.00,100.00
2,2473979,0.00,12.37,0.00,0.00
3,2570287,0.05,12.22,100.00,0.00
2,2487176,0.00,12.44,0.00,100.00
2,2521726,0.06,11.85,0.00,100.00
3,2185340,0.08,10.06,100.00,100.00
2,2367401,0.00,11.84,100.00,0.00
3,2554353,0.00,12.77,100.00,100.00
3,2621299,0.10,11.80,100.00,100.00
3,2540843,0.05,12.05,100.00,0.00
3,2603911,0.01,12.84,0.00,0.00
2,2615692,0.03,12.72,100.00,100.00
2,2521656,0.00,12.61,100.00,100.00
2,2591569,0.00,12.96,0.00,0.00
2,2241929,0.05,10.62,100.00,100.00
3,2533496,0.02,12.38,100.00,100.00
2,2470499,0.00,12.35,100.00,100.00
3,2460836,0.00,12.26,100.00,100.00
3,2603634,0.03,12.66,100.00,100.00
2,2443622,0.00,12.17,100.00,0.00
3,2600690,0.04,12.44,0.00,0.00
3,2566185,0.00,12.78,100.00,0.00
3,2607737,0.09,11.91,100.00,0.00
2,2374350,0.01,11.78,100.00,0.00
2,2264695,0.00,11.32,100.00,100.00
2,2257332,0.00,11.29,100.00,100.00
3,2274780,0.04,10.97,100.00,100.00
2,2340047,0.00,11.70,100.00,100.00
2,2467652,0.02,12.13,0.00,100.00
2,2436461,0.00,12.18,0.00,0.00
3,2411177,0.00,12.06,0.00,100.00
2,2143430,0.02,10.54,0.00,100.00
3,2510992,0.00,12.55,0.00,100.00
2,2405693,0.05,11.43,100.00,100.00
2,2619660,0.00,13.10,0.00,0.00
2,2439110,0.00,12.20,100.00,0.00
3,2337257,0.01,11.56,100.00,0.00
2,2374915,0.00,11.87,99.65,100.00
2,2325432,0.00,11.63,0.00,0.00
2,2365291,0.05,11.25,100.00,0.00
3,2432445,0.00,12.16,100.00,0.00
3,2286136,0.03,11.14,100.00,0.00
3,2148788,0.02,10.58,100.00,0.00
2,2274274,0.00,11.37,100.00,0.00
2,2443090,0.08,11.23,100.00,0.00
3,2173944,0.00,10.87,100.00,0.00
2,2408046,0.00,12.04,100.00,100.00
3,2477534,0.00,12.39,100.00,100.00
3,2587312,0.10,11.65,100.00,100.00
3,2462117,0.01,12.21,100.00,0.00
2,2583355,0.00,12.92,0.00,100.00
3,2172865,0.00,10.86,100.00,100.00
2,2228890,0.00,11.14,100.00,100.00
2,2241919,0.01,11.09,100.00,100.00
2,2164967,0.00,10.82,100.00,100.00
2,2282507,0.00,11.41,100.00,100.00
2,2130726,0.04,10.22,100.00,100.00
3,2400929,0.00,12.00,0.00,100.00
2,2580010,0.03,12.54,100.00,100.00
3,2150838,0.00,10.75,100.00,100.00
3,2386603,0.06,11.22,100.00,100.00
2,2191872,0.00,10.96,100.00,100.00
3,2457603,0.00,12.26,0.00,100.00
3,2221535,0.00,11.10,100.00,100.00
3,2371379,0.01,11.74,100.00,100.00
3,2402083,0.00,12.01,100.00,100.00
2,2240233,0.02,11.01,100.00,100.00
2,2295375,0.00,11.48,100.00,0.00
3,2504178,0.10,11.28,0.00,100.00
3,2389043,0.09,10.83,100.00,100.00
3,2486254,0.00,12.43,100.00,100.00
2,2579872,0.01,12.82,100.00,100.00
3,2319177,0.00,11.60,100.00,100.00
3,2159551,0.00,10.80,100.00,100.00
2,2409383,0.00,12.05,100.00,100.00
2,2240336,0.00,11.20,0.00,0.00
3,2446048,0.02,12.04,0.00,100.00
2,2454410,0.06,11.59,100.00,0.00
2,2351038,0.00,11.72,100.00,0.00
2,2316528,0.05,11.06,0.00,0.00
2,2241358,0.02,11.00,100.00,0.00
3,2302890,0.07,10.70,100.00,0.00
2,2142830,0.00,10.71,100.00,100.00
2,2238922,0.00,11.19,0.00,0.00
2,2504252,0.02,12.33,0.00,100.00
2,2365980,0.01,11.67,100.00,100.00
3,2620462,0.00,13.10,100.00,0.00
3,2560565,0.00,12.80,100.00,0.00
2,2477421,0.01,12.25,100.00,100.00
3,2350495,0.04,11.27,100.00,100.00
2,2392073,0.00,11.96,0.00,0.00
2,2375704,0.00,11.88,100.00,0.00
2,2368688,0.10,10.72,100.00,0.00
3,2348751,0.00,11.74,100.00,0.00
3,2308749,0.00,11.54,100.00,0.00
2,2266255,0.00,11.33,100.00,0.00
2,2456693,0.03,11.93,100.00,0.00
3,2174204,0.00,10.87,100.00,0.00
3,2347008,0.00,11.69,0.00,100.00
3,2376928,0.00,11.88,0.00,100.00
3,2170461,0.01,10.71,100.00,0.00
3,2438925,0.04,11.65,100.00,100.00
3,2377747,0.00,11.89,100.00,100.00
2,2312397,0.02,11.29,100.00,100.00
3,2234453,0.10,10.10,0.00,100.00
2,2468427,0.00,12.34,100.00,100.00
2,2592561,0.00,12.96,100.00,100.00
2,2396881,0.00,11.98,100.00,100.00
3,2584183,0.09,11.74,0.00,100.00
3,2304466,0.00,11.52,0.00,0.00
2,2441723,0.03,11.88,0.00,0.00
3,2505576,0.04,12.00,100.00,0.00
2,2177339,0.07,10.12,0.00,100.00
2,2267558,0.03,10.94,0.00,100.00
3,2163050,0.06,10.14,100.00,0.00
3,2163661,0.00,10.82,100.00,100.00
3,2577548,0.00,12.89,100.00,100.00
3,2279014,0.00,11.40,100.00,100.00
3,2620343,0.00,13.10,100.00,100.00
3,2417954,0.00,12.09,100.00,100.00
2,2293572,0.04,10.97,100.00,100.00
3,2106056,0.00,10.53,100.00,100.00
3,2134403,0.06,10.04,100.00,100.00
3,2322448,0.12,10.23,100.00,100.00
2,2135339,0.00,10.68,0.00,100.00
2,2113645,0.06,9.98,0.00,100.00
2,2465428,0.00,12.33,100.00,0.00
3,2512933,0.01,12.49,100.00,0.00
3,2456533,0.00,12.28,100.00,0.00
2,2300861,0.00,11.50,0.00,0.00
2,2304252,0.00,11.52,100.00,0.00
2,2343949,0.00,11.72,100.00,0.00
3,2536784,0.02,12.42,100.00,100.00
3,2571524,0.03,12.45,100.00,100.00
2,2105388,0.00,10.53,100.00,0.00
3,2099616,0.00,10.50,100.00,0.00
3,2117118,0.00,10.56,100.00,0.00
3,2550143,0.05,12.06,100.00,0.00
3,2271157,0.03,11.05,100.00,0.00
3,2596406,0.03,12.54,0.00,0.00
3,2224824,0.05,10.61,100.00,0.00
3,2425615,0.00,12.13,100.00,0.00
3,2345814,0.00,11.73,0.00,100.00
3,2466821,0.00,12.33,100.00,100.00
3,2116082,0.00,10.58,100.00,100.00
2,2241842,0.11,9.95,100.00,100.00
2,2261514,0.00,11.31,0.00,100.00
3,2197998,0.00,10.99,100.00,100.00
2,2188878,0.10,9.90,100.00,100.00
2,2487062,0.05,11.83,100.00,0.00
3,2426524,0.00,12.13,100.00,0.00
3,2545074,0.02,12.43,100.00,0.00
3,2407291,0.00,12.04,100.00,0.00
2,2601185,0.00,13.01,100.00,0.00
2,2613927,0.05,12.47,100.00,0.00
3,2382634,0.00,11.91,100.00,0.00
3,2195498,0.02,10.78,100.00,100.00
2,2147731,0.00,10.74,100.00,100.00
3,2544579,0.10,11.40,100.00,100.00
2,2221105,0.00,11.11,100.00,100.00
2,2183351,0.00,10.92,100.00,100.00
2,2312813,0.00,11.56,100.00,100.00
2,2255025,0.00,11.28,100.00,100.00
2,2221851,0.00,11.11,0.00,0.00
3,2337312,0.00,11.69,100.00,100.00
3,2235383,0.00,11.18,0.00,100.00
3,2127976,0.03,10.29,100.00,100.00
3,2528229,0.00,12.64,100.00,100.00
3,2345173,0.00,11.73,0.00,0.00
3,2159414,0.00,10.80,0.00,0.00
2,2542279,0.00,12.71,0.00,0.00
3,2394216,0.01,11.83,100.00,0.00
3,2338377,0.00,11.69,0.00,0.00
3,2578345,0.00,12.89,100.00,0.00
2,2418602,0.06,11.36,100.00,0.00
3,2310899,0.01,11.43,0.00,100.00
2,2426479,0.01,11.96,100.00,100.00
3,2522337,0.00,12.61,100.00,100.00
2,2551033,0.00,12.76,100.00,100.00
3,2233956,0.00,11.17,0.00,0.00
2,2123965,0.03,10.32,100.00,0.00
2,2318007,0.07,10.78,100.00,0.00
3,2332864,0.00,11.66,100.00,0.00
2,2416920,0.00,12.08,100.00,0.00
3,2293542,0.00,11.47,100.00,0.00
2,2376509,0.00,11.88,100.00,100.00
2,2304283,0.00,11.47,100.00,100.00
3,2259980,0.07,10.47,0.00,0.00
3,2210767,0.00,11.05,100.00,0.00
2,2518728,0.00,12.55,0.00,0.00
3,2359331,0.00,11.80,100.00,0.00
3,2156847,0.02,10.56,100.00,100.00
3,2257732,0.02,11.09,100.00,100.00
3,2181115,0.00,10.91,100.00,100.00
3,2516654,0.00,12.58,100.00,100.00
2,2148161,0.02,10.56,0.00,0.00
3,2516009,0.01,12.44,100.00,0.00
2,2212076,0.00,11.06,100.00,0.00
3,2241267,0.00,11.21,100.00,0.00
3,2620517,0.04,12.59,100.00,0.00
2,2173870,0.00,10.87,100.00,0.00
3,2544940,0.00,12.72,100.00,0.00
3,2367137,0.00,11.84,100.00,0.00
3,2215722,0.04,10.63,100.00,0.00
3,2546190,0.04,12.24,100.00,0.00
2,2571548,0.00,12.86,0.00,0.00
3,2154908,0.00,10.77,0.00,100.00
2,2431251,0.00,12.16,100.00,100.00
2,2264147,0.05,10.77,100.00,100.00
3,2436703,0.00,12.18,0.00,100.00
3,2154339,0.00,10.77,100.00,100.00
2,2516780,0.00,12.58,100.00,100.00
2,2524427,0.00,12.62,100.00,100.00
2,2572599,0.02,12.56,100.00,100.00
2,2355979,0.00,11.78,100.00,100.00
3,2416891,0.04,11.57,0.00,100.00
3,2412174,0.00,12.06,0.00,0.00
2,2575791,0.00,12.88,100.00,0.00
2,2370826,0.00,11.85,0.00,0.00
3,2146508,0.00,10.73,100.00,0.00
2,2564762,0.00,12.82,100.00,0.00
3,2422191,0.06,11.34,100.00,0.00
3,2611552,0.00,13.06,100.00,0.00
2,2385309,0.00,11.93,100.00,0.00
2,2463287,0.04,11.78,100.00,0.00
2,2214339,0.00,11.07,0.00,100.00
2,2199993,0.06,10.37,100.00,100.00
2,2572915,0.05,12.19,0.00,100.00
3,2552737,0.00,12.76,100.00,100.00
3,2225767,0.07,10.34,100.00,100.00
3,2562179,0.08,11.81,100.00,0.00
3,2574226,0.00,12.87,100.00,100.00
3,2421551,0.00,12.11,100.00,100.00
2,2460610,0.00,12.26,100.00,100.00
2,2312288,0.00,11.56,0.00,100.00
3,2488896,0.09,11.38,100.00,0.00
3,2135435,0.00,10.68,100.00,0.00
3,2329954,0.05,11.06,100.00,0.00
3,2530705,0.00,12.65,0.00,0.00
3,2501697,0.00,12.51,100.00,0.00
2,2174249,0.00,10.87,0.00,100.00
3,2388961,0.00,11.94,100.00,100.00
3,2233050,0.00,11.17,100.00,100.00
2,2560178,0.02,12.54,100.00,100.00
2,2254667,0.12,9.91,100.00,0.00
2,2174383,0.05,10.33,100.00,0.00
2,2378259,0.05,11.27,100.00,0.00
3,2282359,0.02,11.16,0.00,0.00
3,2466923,0.00,12.33,0.00,0.00
3,2454386,0.04,11.76,100.00,0.00
3,2614483,0.00,13.07,100.00,0.00
2,2116218,0.05,10.06,0.00,0.00
3,2394069,0.03,11.57,100.00,0.00
3,2332480,0.01,11.51,100.00,100.00
3,2319763,0.00,11.60,100.00,0.00
2,2153122,0.03,10.47,100.00,100.00
2,2182463,0.00,10.91,0.00,100.00
3,2208976,0.03,10.73,100.00,0.00
3,2127895,0.00,10.62,100.00,0.00
2,2318601,0.01,11.45,100.00,0.00
3,2265654,0.00,11.33,0.00,0.00
3,2259784,0.04,10.86,0.00,100.00
2,2245663,0.00,11.23,100.00,100.00
3,2107502,0.04,10.11,100.00,100.00
2,2496169,0.00,12.48,100.00,100.00
3,2236107,0.10,10.06,100.00,100.00
3,2260380,0.00,11.30,100.00,100.00
3,2274593,0.03,11.04,100.00,0.00
2,2207887,0.03,10.74,100.00,0.00
3,2564230,0.00,12.82,100.00,0.00
3,2120052,0.00,10.60,100.00,0.00
2,2344877,0.01,11.66,100.00,0.00
2,2405834,0.06,11.34,100.00,0.00
3,2123885,0.03,10.28,100.00,0.00
2,2100611,0.00,10.50,0.00,0.00
2,2591909,0.00,12.96,100.00,0.00
3,2431453,0.00,12.16,100.00,100.00
3,2165051,0.00,10.83,100.00,100.00
2,2382408,0.03,11.57,100.00,100.00
3,2238490,0.07,10.44,100.00,0.00
3,2378244,0.00,11.89,100.00,0.00
2,2236145,0.07,10.38,100.00,0.00
3,2305697,0.03,11.19,100.00,0.00
2,2429010,0.00,12.08,100.00,0.00
3,2165844,0.04,10.34,100.00,0.00
2,2610942,0.11,11.68,100.00,0.00
2,2257779,0.00,11.29,100.00,0.00
3,2590947,0.00,12.95,0.00,100.00
2,2188693,0.13,9.48,100.00,100.00
3,2443095,0.00,12.22,0.00,100.00
2,2256742,0.00,11.28,100.00,100.00
3,2100307,0.00,10.50,100.00,100.00
2,2374416,0.00,11.87,0.00,100.00
3,2267118,0.02,11.16,100.00,100.00
2,2493091,0.09,11.36,100.00,100.00
2,2164255,0.07,10.10,100.00,100.00
2,2475967,0.18,10.21,0.00,0.00
2,2416760,0.00,12.08,100.00,0.00
2,2247104,0.00,11.24,100.00,0.00
2,2471330,0.10,11.09,100.00,0.00
2,2489974,0.00,12.45,100.00,100.00
3,2461721,0.04,11.78,100.00,100.00
3,2540767,0.03,12.29,0.00,0.00
2,2529174,0.02,12.45,100.00,0.00
3,2392085,0.01,11.83,100.00,0.00
2,2520142,0.03,12.27,100.00,0.00
2,2352535,0.00,11.76,100.00,0.00
3,2231765,0.00,11.16,0.00,100.00
2,2310325,0.01,11.39,100.00,0.00
2,2593080,0.00,12.97,0.00,100.00
2,2254820,0.00,11.27,100.00,100.00
2,2616407,0.00,13.08,0.00,0.00
2,2615343,0.00,13.08,100.00,0.00
3,2589210,0.00,12.95,100.00,0.00
2,2346796,0.00,11.73,0.00,100.00
3,2620750,0.03,12.70,0.00,0.00
3,2580820,0.00,12.90,100.00,100.00
3,2228735,0.00,11.14,100.00,100.00
2,2491554,0.00,12.46,100.00,100.00
3,2421937,0.00,12.11,100.00,100.00
3,2393867,0.02,11.76,100.00,0.00
3,2549136,0.01,12.61,100.00,0.00
2,2123568,0.06,9.99,0.00,0.00
2,2595751,0.00,12.98,0.00,0.00
2,2233546,0.00,11.17,100.00,100.00
3,2474461,0.00,12.37,100.00,100.00
2,2350678,0.00,11.75,100.00,100.00
3,2306891,0.00,11.53,100.00,100.00
3,2373945,0.00,11.87,100.00,0.00
3,2404430,0.02,11.84,0.00,0.00
3,2473533,0.00,12.37,100.00,0.00
2,2499838,0.11,11.07,100.00,0.00
3,2488782,0.08,11.51,100.00,0.00
3,2558946,0.00,12.79,0.00,100.00
3,2156646,0.00,10.78,0.00,100.00
2,2572755,0.01,12.70,100.00,100.00
2,2402522,0.00,12.01,0.00,100.00
2,2121819,0.00,10.61,100.00,0.00
3,2503853,0.00,12.52,100.00,0.00
2,2462270,0.01,12.15,100.00,0.00
3,2209596,0.03,10.74,100.00,100.00
3,2274539,0.00,11.37,0.00,0.00
2,2256512,0.00,11.28,0.00,100.00
2,2395971,0.03,11.60,100.00,100.00
2,2492547,0.00,12.46,100.00,0.00
2,2161049,0.07,10.05,100.00,0.00
3,2182576,0.00,10.91,0.00,0.00
2,2225947,0.00,11.13,100.00,0.00
3,2102276,0.00,10.51,0.00,0.00
3,2458990,0.04,11.74,100.00,0.00
2,2151677,0.00,10.76,100.00,100.00
3,2201249,0.03,10.69,0.00,100.00
3,2385919,0.00,11.93,100.00,100.00
2,2383796,0.00,11.92,100.00,100.00
3,2440391,0.05,11.63,100.00,100.00
2,2530654,0.00,12.65,0.00,100.00
3,2608070,0.05,12.40,100.00,0.00
3,2170091,0.04,10.43,100.00,100.00
2,2272077,0.00,11.36,100.00,100.00
2,2380956,0.00,11.88,100.00,100.00
2,2390814,0.00,11.95,100.00,100.00
2,2408961,0.01,11.97,100.00,100.00
3,2489653,0.02,12.15,100.00,0.00
2,2404717,0.04,11.50,0.00,0.00
2,2448398,0.01,12.13,100.00,0.00
2,2546803,0.07,11.82,0.00,100.00
2,2251378,0.00,11.26,0.00,0.00
2,2315429,0.00,11.58,0.00,0.00
2,2270342,0.04,10.92,100.00,100.00
2,2481307,0.01,12.32,100.00,100.00
3,2412860,0.02,11.80,100.00,100.00
2,2472420,0.01,12.28,0.00,100.00
2,2453873,0.03,11.86,100.00,100.00
3,2147309,0.00,10.74,0.00,100.00
2,2306970,0.04,11.12,100.00,100.00
3,2489957,0.00,12.45,100.00,100.00
2,2368593,0.00,11.84,100.00,100.00
2,2438766,0.05,11.55,100.00,100.00
3,2113581,0.00,10.57,100.00,100.00
3,2524352,0.00,12.62,100.00,100.00
3,2244993,0.00,11.22,100.00,100.00
3,2160936,0.00,10.80,100.00,100.00
2,2440641,0.00,12.20,100.00,100.00
3,2544393,0.00,12.72,100.00,100.00
2,2550703,0.03,12.35,100.00,100.00
2,2510187,0.00,12.55,100.00,100.00
3,2319415,0.00,11.60,0.00,100.00
3,2563008,0.00,12.82,100.00,100.00
2,2108964,0.00,10.54,100.00,100.00
2,2265471,0.00,11.33,100.00,100.00
3,2605126,0.00,13.03,100.00,100.00
2,2558935,0.05,12.16,0.00,0.00
2,2193395,0.00,10.97,0.00,100.00
2,2168976,0.01,10.71,100.00,100.00
3,2519014,0.02,12.33,100.00,100.00
2,2385075,0.00,11.93,100.00,100.00
3,2484677,0.00,12.42,100.00,100.00
2,2299371,0.00,11.50,100.00,100.00
2,2254848,0.01,11.16,0.00,100.00
3,2208749,0.00,11.04,100.00,100.00
3,2363637,0.00,11.77,100.00,100.00
2,2152399,0.00,10.76,100.00,100.00
2,2385621,0.00,11.92,100.00,100.00
2,2110922,0.02,10.39,100.00,100.00
2,2216989,0.00,11.08,100.00,100.00
3,2542480,0.00,12.71,100.00,0.00
2,2120445,0.09,9.66,100.00,0.00
2,2335231,0.00,11.68,100.00,0.00
3,2492915,0.00,12.46,100.00,100.00
2,2112602,0.00,10.56,100.00,100.00
3,2546475,0.00,12.73,100.00,0.00
3,2493712,0.02,12.27,100.00,0.00
2,2326718,0.10,10.42,100.00,0.00
2,2279301,0.02,11.21,100.00,100.00
2,2381590,0.00,11.91,55.76,100.00
3,2349781,0.00,11.72,100.00,0.00
3,2133708,0.00,10.67,100.00,0.00
3,2369178,0.04,11.39,100.00,0.00
3,2509500,0.02,12.26,100.00,0.00
2,2609940,0.06,12.29,100.00,0.00
2,2404972,0.00,12.02,0.00,100.00
3,2360860,0.00,11.77,100.00,100.00
3,2586588,0.06,12.12,100.00,100.00
2,2446128,0.01,12.15,100.00,100.00
2,2349989,0.01,11.58,100.00,100.00
2,2158502,0.00,10.79,100.00,0.00
2,2368676,0.00,11.84,100.00,0.00
3,2258550,0.00,11.29,0.00,100.00
3,2244918,0.00,11.22,100.00,100.00
3,2584336,0.00,12.92,100.00,100.00
3,2100353,0.00,10.50,100.00,100.00
2,2335843,0.00,11.68,100.00,100.00
2,2545208,0.00,12.73,0.00,0.00
2,2175839,0.01,10.75,100.00,0.00
2,2350149,0.02,11.54,100.00,0.00
2,2351944,0.03,11.39,0.00,100.00
3,2423874,0.00,12.12,100.00,100.00
3,2482869,0.05,11.82,100.00,100.00
2,2568191,0.00,12.84,100.00,100.00
2,2126284,0.05,10.09,100.00,100.00
2,2413418,0.00,12.07,0.00,0.00
2,2121662,0.00,10.61,0.00,0.00
2,2580883,0.02,12.66,100.00,100.00
3,2217378,0.00,11.09,0.00,100.00
2,2523256,0.02,12.35,100.00,100.00
3,2127442,0.05,10.12,100.00,100.00
3,2230056,0.00,11.15,100.00,0.00
3,2434532,0.00,12.17,100.00,100.00
2,2550246,0.00,12.75,100.00,100.00
3,2307822,0.02,11.34,100.00,100.00
2,2462377,0.00,12.31,100.00,100.00
2,2432544,0.00,12.16,100.00,100.00
3,2468030,0.04,11.88,0.00,0.00
2,2446601,0.00,12.23,100.00,0.00
2,2476247,0.06,11.58,100.00,0.00
2,2520865,0.00,12.60,100.00,0.00
3,2106086,0.02,10.33,0.00,100.00
2,2137519,0.00,10.69,100.00,0.00
3,2251720,0.09,10.26,100.00,0.00
3,2133580,0.04,10.22,0.00,100.00
3,2593514,0.04,12.44,100.00,0.00
3,2458666,0.00,12.29,100.00,0.00
3,2613372,0.00,13.07,100.00,0.00
3,2518288,0.04,12.09,0.00,0.00
3,2224410,0.00,11.12,100.00,0.00
2,2250135,0.00,11.25,100.00,100.00
3,2492180,0.04,12.01,100.00,100.00
2,2603636,0.00,13.02,100.00,100.00
3,2326349,0.00,11.63,100.00,100.00
3,2461764,0.00,12.31,100.00,100.00
3,2359137,0.00,11.80,100.00,100.00
2,2201532,0.00,11.01,100.00,100.00
3,2431607,0.01,12.09,100.00,100.00
3,2467895,0.00,12.34,100.00,100.00
2,2526988,0.00,12.63,100.00,100.00
3,2474207,0.00,12.37,0.00,100.00
2,2220862,0.04,10.70,100.00,100.00
2,2145550,0.00,10.73,100.00,100.00
2,2406375,0.01,11.89,0.00,0.00
2,2541239,0.01,12.61,100.00,0.00
3,2097451,0.00,10.49,100.00,0.00
3,2128904,0.05,10.08,100.00,0.00
2,2516205,0.00,12.58,100.00,100.00
3,2429260,0.00,12.15,100.00,0.00
3,2346610,0.02,11.45,0.00,0.00
3,2382630,0.02,11.66,0.00,0.00
3,2127066,0.00,10.64,100.00,0.00
3,2448776,0.00,12.24,100.00,0.00
2,2375736,0.01,11.77,0.00,0.00
2,2347550,0.10,10.61,100.00,0.00
2,2419187,0.00,12.10,0.00,100.00
2,2177118,0.04,10.41,0.00,100.00
3,2293612,0.00,11.47,100.00,100.00
3,2161567,0.00,10.81,0.00,100.00
2,2619324,0.01,12.96,0.00,0.00
3,2304687,0.00,11.52,0.00,0.00
2,2138444,0.02,10.47,100.00,48.94
3,2330387,0.04,11.23,100.00,48.94
2,2378275,0.00,11.89,100.00,100.00
3,2320416,0.02,11.36,100.00,100.00
3,2233720,0.00,11.17,100.00,100.00
2,2542952,0.01,12.65,100.00,0.00
2,2495526,0.00,12.48,0.00,100.00
2,2438955,0.00,12.19,0.00,0.00
3,2435206,0.04,11.71,100.00,100.00
3,2347476,0.00,11.74,100.00,100.00
2,2575515,0.02,12.56,100.00,100.00
2,2605232,0.00,13.03,100.00,100.00
2,2544330,0.03,12.40,100.00,100.00
3,2431859,0.01,12.01,100.00,100.00
2,2471882,0.00,12.36,0.00,0.00
3,2251882,0.05,10.65,100.00,100.00
2,2561289,0.02,12.55,100.00,0.00
2,2512967,0.07,11.71,0.00,100.00
2,2445439,0.07,11.39,100.00,100.00
3,2280393,0.00,11.40,100.00,100.00
3,2097314,0.00,10.49,100.00,100.00
3,2403433,0.00,12.02,100.00,0.00
2,2604621,0.01,12.88,0.00,100.00
3,2220081,0.00,11.10,100.00,100.00
3,2110510,0.03,10.23,100.00,100.00
3,2241354,0.01,11.10,100.00,100.00
2,2164071,0.00,10.78,0.00,0.00
2,2484469,0.00,12.36,0.00,100.00
3,2490149,0.00,12.45,100.00,100.00
3,2207265,0.03,10.71,100.00,100.00
3,2118835,0.00,10.59,100.00,100.00
2,2150054,0.00,10.75,100.00,100.00
2,2331957,0.01,11.56,100.00,100.00
3,2387316,0.02,11.71,100.00,100.00
2,2484075,0.01,12.33,100.00,0.00
3,2124968,0.00,10.62,100.00,31.79
2,2157949,0.02,10.57,100.00,31.79
2,2395716,0.00,11.97,0.00,100.00
2,2331251,0.00,11.66,100.00,100.00
2,2551637,0.00,12.76,0.00,0.00
3,2323627,0.03,11.27,100.00,0.00
3,2444032,0.05,11.60,100.00,0.00
3,2472800,0.07,11.51,100.00,0.00
3,2116157,0.03,10.30,100.00,0.00
2,2288823,0.00,11.44,100.00,0.00
2,2575197,0.00,12.82,100.00,0.00
2,2447864,0.05,11.65,100.00,0.00
3,2614571,0.00,13.07,100.00,0.00
3,2520839,0.00,12.60,100.00,0.00
3,2521751,0.00,12.61,0.00,0.00
3,2522978,0.03,12.29,100.00,0.00
3,2546195,0.00,12.73,93.66,100.00
2,2371528,0.08,10.86,100.00,100.00
2,2317777,0.00,11.59,100.00,100.00
3,2469812,0.00,12.34,100.00,0.00
3,2405743,0.00,12.03,100.00,0.00
2,2325650,0.00,11.63,100.00,0.00
2,2538397,0.00,12.63,100.00,0.00
2,2614041,0.18,10.76,100.00,100.00
2,2130381,0.04,10.25,100.00,100.00
3,2160780,0.00,10.80,0.00,100.00
3,2541999,0.00,12.71,0.00,0.00
3,2429446,0.00,12.15,100.00,0.00
2,2563764,0.02,12.60,100.00,0.00
3,2502731,0.00,12.51,0.00,100.00
3,2182273,0.03,10.64,100.00,100.00
3,2406018,0.00,12.03,0.00,0.00
2,2602718,0.03,12.66,0.00,100.00
2,2296988,0.06,10.80,100.00,100.00
2,2480114,0.01,12.31,100.00,100.00
3,2456490,0.00,12.28,0.00,0.00
2,2510459,0.01,12.45,100.00,0.00
2,2390734,0.00,11.95,100.00,0.00
2,2373166,0.00,11.87,100.00,100.00
3,2189399,0.07,10.23,100.00,0.00
3,2306978,0.01,11.44,100.00,0.00
2,2559312,0.02,12.56,100.00,100.00
3,2464654,0.00,12.32,100.00,100.00
3,2186438,0.06,10.28,100.00,100.00
3,2304391,0.03,11.16,100.00,100.00
3,2266431,0.06,10.68,0.00,100.00
3,2314058,0.00,11.52,100.00,0.00
2,2195133,0.01,10.88,100.00,0.00
2,2269642,0.06,10.72,0.00,100.00
2,2225644,0.01,11.03,100.00,100.00
2,2534220,0.00,12.65,100.00,100.00
2,2117933,0.02,10.33,0.00,100.00
2,2189907,0.00,10.95,100.00,100.00
3,2610585,0.06,12.20,100.00,100.00
2,2569848,0.04,12.31,100.00,100.00
2,2406096,0.00,12.03,100.00,100.00
3,2388386,0.02,11.76,100.00,0.00
3,2140306,0.00,10.70,100.00,0.00
3,2467445,0.00,12.34,100.00,0.00
2,2332622,0.00,11.66,100.00,0.00
3,2167760,0.00,10.84,100.00,0.00
3,2097672,0.00,10.49,100.00,0.00
2,2336299,0.00,11.63,100.00,100.00
3,2267938,0.00,11.34,0.00,0.00
3,2286561,0.03,11.10,100.00,100.00
2,2312398,0.00,11.56,0.00,100.00
2,2472408,0.00,12.36,100.00,100.00
3,2367202,0.00,11.84,100.00,100.00
2,2109251,0.00,10.55,100.00,100.00
3,2335636,0.00,11.68,100.00,0.00
3,2360361,0.03,11.45,100.00,0.00
3,2223212,0.00,11.12,100.00,0.00
3,2108090,0.00,10.54,0.00,0.00
2,2435698,0.00,12.18,100.00,0.00
3,2119655,0.07,9.85,0.00,100.00
2,2337458,0.03,11.32,0.00,100.00
2,2502466,0.00,12.51,100.00,100.00
2,2560483,0.07,11.90,0.00,100.00
2,2132717,0.05,10.17,100.00,0.00
3,2142565,0.00,10.71,100.00,0.00
2,2479846,0.02,12.19,100.00,0.00
3,2131159,0.08,9.81,100.00,0.00
2,2454651,0.00,12.27,100.00,0.00
2,2491870,0.00,12.46,100.00,0.00
3,2454899,0.00,12.27,100.00,0.00
2,2580285,0.00,12.90,100.00,0.00
3,2131045,0.08,9.85,100.00,0.00
2,2353285,0.04,11.24,100.00,0.00
2,2379128,0.03,11.52,100.00,0.00
2,2504344,0.06,11.78,0.00,0.00
2,2521417,0.00,12.61,100.00,0.00
2,2608440,0.02,12.81,0.00,100.00
3,2607478,0.00,12.99,0.00,0.00
2,2428797,0.00,12.14,100.00,0.00
3,2397863,0.01,11.89,100.00,0.00
3,2206557,0.06,10.38,100.00,0.00
3,2342644,0.00,11.71,0.00,100.00
3,2243334,0.08,10.31,100.00,100.00
2,2328536,0.05,11.02,0.00,100.00
3,2302570,0.06,10.80,100.00,100.00
2,2437873,0.00,12.19,100.00,100.00
3,2099541,0.00,10.50,100.00,100.00
3,2150453,0.02,10.51,0.00,100.00
2,2224758,0.13,9.64,100.00,100.00
3,2144798,0.02,10.53,100.00,0.00
3,2148645,0.00,10.74,100.00,0.00
2,2536935,0.04,12.12,0.00,0.00
2,2548484,0.00,12.74,100.00,100.00
3,2338012,0.00,11.69,100.00,100.00
3,2565093,0.00,12.83,0.00,100.00
3,2541898,0.00,12.71,0.00,100.00
3,2588748,0.02,12.74,0.00,100.00
3,2373135,0.00,11.87,0.00,100.00
3,2169330,0.05,10.33,100.00,100.00
2,2321229,0.02,11.37,100.00,0.00
2,2209566,0.00,11.05,100.00,0.00
2,2534907,0.06,11.97,0.00,100.00
2,2470548,0.00,12.35,100.00,100.00
2,2238138,0.00,11.19,100.00,100.00
2,2495121,0.00,12.48,100.00,100.00
2,2417843,0.06,11.39,0.00,0.00
2,2477639,0.00,12.39,100.00,0.00
2,2467183,0.01,12.21,100.00,0.00
3,2198299,0.00,10.98,0.00,100.00
2,2167395,0.00,10.84,100.00,100.00
2,2385931,0.00,11.93,100.00,100.00
2,2122963,0.13,9.22,100.00,100.00
3,2477563,0.05,11.71,100.00,100.00
2,2267865,0.00,11.34,100.00,0.00
2,2533849,0.00,12.67,0.00,100.00
2,2120081,0.00,10.60,100.00,100.00
3,2438640,0.00,12.19,100.00,100.00
2,2260229,0.00,11.30,100.00,0.00
2,2614633,0.00,13.07,100.00,0.00
3,2531006,0.00,12.66,100.00,0.00
3,2567526,0.02,12.58,0.00,100.00
2,2365393,0.06,11.11,0.00,0.00
3,2524376,0.00,12.62,0.00,100.00
2,2216211,0.00,11.08,100.00,100.00
2,2471839,0.10,11.14,100.00,0.00
2,2546832,0.00,12.73,100.00,0.00
3,2530068,0.00,12.65,100.00,0.00
3,2405989,0.00,12.03,100.00,100.00
3,2307538,0.00,11.54,100.00,100.00
3,2451846,0.07,11.36,100.00,100.00
3,2514929,0.01,12.49,100.00,100.00
3,2242394,0.03,10.86,100.00,100.00
3,2169572,0.00,10.85,0.00,0.00
2,2590298,0.01,12.77,0.00,0.00
3,2541800,0.00,12.71,100.00,0.00
2,2531774,0.05,12.00,100.00,0.00
2,2298213,0.04,11.06,0.00,0.00
3,2175279,0.01,10.75,95.13,0.00
3,2476269,0.00,12.38,100.00,0.00
2,2614599,0.04,12.52,100.00,100.00
2,2112849,0.05,10.08,100.00,100.00
2,2174022,0.00,10.87,100.00,100.00
3,2338649,0.00,11.69,100.00,100.00
2,2294662,0.01,11.32,0.00,100.00
2,2345148,0.06,10.97,0.00,100.00
3,2154439,0.04,10.32,100.00,100.00
2,2173181,0.01,10.72,100.00,100.00
3,2107580,0.02,10.38,100.00,100.00
2,2422976,0.05,11.56,100.00,100.00
2,2490000,0.00,12.45,0.00,0.00
3,2478091,0.00,12.39,100.00,0.00
2,2575905,0.00,12.88,100.00,100.00
2,2367320,0.01,11.75,100.00,0.00
2,2303054,0.03,11.19,0.00,100.00
2,2194986,0.00,10.97,100.00,100.00
2,2104565,0.00,10.52,100.00,100.00
2,2324514,0.00,11.62,100.00,100.00
2,2495763,0.03,12.11,0.00,100.00
2,2353841,0.00,11.77,100.00,100.00
3,2241549,0.01,11.07,100.00,100.00
3,2420415,0.01,11.97,0.00,100.00
3,2561087,0.00,12.81,0.00,100.00
2,2123285,0.03,10.32,100.00,0.00
3,2302979,0.00,11.51,100.00,0.00
2,2337512,0.05,11.15,0.00,100.00
2,2495121,0.02,12.19,100.00,100.00
2,2404039,0.01,11.87,100.00,100.00
3,2373409,0.02,11.62,100.00,100.00
3,2431022,0.04,11.67,100.00,100.00
3,2128085,0.00,10.64,0.00,100.00
3,2425414,0.00,12.13,100.00,0.00
3,2322531,0.07,10.79,100.00,0.00
3,2585109,0.05,12.23,100.00,100.00
3,2349110,0.04,11.27,0.00,100.00
3,2551243,0.00,12.76,0.00,100.00
3,2459233,0.00,12.30,100.00,100.00
2,2149315,0.00,10.75,100.00,100.00
3,2366191,0.06,11.12,0.00,100.00
3,2194015,0.00,10.97,0.00,0.00
2,2444048,0.00,12.22,100.00,0.00
2,2139459,0.00,10.70,100.00,0.00
2,2321471,0.00,11.61,100.00,0.00
3,2501793,0.02,12.27,0.00,0.00
3,2293677,0.01,11.33,100.00,0.00
2,2279645,0.07,10.57,100.00,0.00
2,2142468,0.00,10.71,100.00,0.00
3,2576230,0.04,12.35,100.00,0.00
2,2500080,0.00,12.50,0.00,0.00
3,2357267,0.04,11.27,100.00,0.00
2,2304707,0.00,11.52,100.00,0.00
2,2515987,0.05,11.96,100.00,0.00
3,2208791,0.00,11.04,100.00,0.00
3,2409902,0.00,12.05,100.00,0.00
3,2292579,0.04,11.06,100.00,100.00
3,2427253,0.01,12.02,0.00,0.00
3,2300535,0.00,11.50,100.00,0.00
2,2483585,0.00,12.42,0.00,100.00
3,2262649,0.06,10.63,0.00,100.00
3,2337573,0.08,10.77,100.00,100.00
2,2386480,0.01,11.81,0.00,100.00
3,2235069,0.00,11.18,0.00,0.00
2,2503246,0.01,12.41,100.00,0.00
2,2374884,0.04,11.39,100.00,0.00
2,2454687,0.00,12.27,0.00,100.00
2,2280477,0.00,11.40,0.00,0.00
2,2281376,0.00,11.41,100.00,0.00
3,2210504,0.01,10.89,100.00,0.00
3,2543607,0.02,12.42,0.00,100.00
2,2111569,0.00,10.56,100.00,100.00
3,2203586,0.00,11.02,100.00,100.00
2,2542109,0.07,11.83,100.00,100.00
3,2153833,0.00,10.77,100.00,100.00
2,2400974,0.00,12.00,100.00,100.00
2,2578184,0.00,12.89,100.00,100.00
3,2447821,0.00,12.24,100.00,0.00
3,2304253,0.01,11.39,100.00,100.00
3,2159832,0.04,10.36,100.00,100.00
3,2311209,0.01,11.47,100.00,100.00
2,2145904,0.03,10.45,100.00,0.00
2,2484529,0.00,12.42,100.00,0.00
3,2485834,0.00,12.43,100.00,0.00
3,2446160,0.02,12.04,100.00,0.00
2,2128404,0.00,10.64,100.00,100.00
2,2452771,0.00,12.26,100.00,100.00
3,2328327,0.03,11.25,0.00,0.00
2,2517256,0.00,12.59,100.00,100.00
2,2537925,0.04,12.21,100.00,100.00
2,2465786,0.11,10.93,100.00,0.00
2,2244353,0.05,10.69,0.00,0.00
2,2469848,0.04,11.90,0.00,0.00
3,2330712,0.04,11.23,100.00,0.00
3,2256489,0.01,11.17,100.00,0.00
2,2241511,0.05,10.61,100.00,0.00
3,2487408,0.00,12.44,100.00,0.00
2,2199749,0.00,11.00,100.00,0.00
2,2365814,0.00,11.83,100.00,0.00
3,2469070,0.00,12.35,100.00,0.00
2,2225600,0.00,11.13,100.00,0.00
2,2498017,0.00,12.49,100.00,100.00
3,2293234,0.07,10.66,0.00,100.00
2,2255852,0.01,11.21,100.00,100.00
3,2243594,0.00,11.22,100.00,100.00
2,2155900,0.04,10.37,0.00,0.00
3,2151283,0.00,10.70,0.00,0.00
2,2391679,0.00,11.96,0.00,0.00
2,2225031,0.14,9.60,0.00,0.00
3,2382982,0.00,11.91,100.00,0.00
2,2377393,0.12,10.47,0.00,0.00
2,2614631,0.00,13.07,0.00,0.00
2,2247717,0.12,9.88,100.00,0.00
3,2327599,0.00,11.64,100.00,0.00
2,2432566,0.05,11.51,0.00,100.00
2,2237193,0.04,10.76,100.00,100.00
3,2488582,0.03,12.02,100.00,100.00
3,2344922,0.00,11.72,0.00,0.00
3,2240328,0.00,11.20,0.00,0.00
3,2361738,0.04,11.29,100.00,0.00
3,2473785,0.04,11.89,0.00,100.00
3,2388898,0.00,11.94,0.00,0.00
3,2374943,0.06,11.20,100.00,100.00
2,2299719,0.00,11.50,100.00,0.00
3,2426646,0.07,11.31,100.00,0.00
2,2500470,0.00,12.50,100.00,100.00
3,2112062,0.04,10.12,0.00,0.00
2,2561439,0.03,12.40,0.00,100.00
2,2509272,0.09,11.47,100.00,100.00
2,2551806,0.00,12.76,100.00,100.00
3,2217731,0.03,10.76,100.00,0.00
3,2582801,0.00,12.91,0.00,100.00
2,2564069,0.00,12.82,100.00,100.00
3,2309539,0.00,11.55,100.00,100.00
3,2361393,0.03,11.41,100.00,100.00
3,2144862,0.00,10.72,100.00,100.00
3,2196562,0.00,10.94,100.00,100.00
3,2132326,0.00,10.66,0.00,0.00
2,2384852,0.00,11.92,100.00,0.00
2,2369020,0.09,10.74,91.24,100.00
3,2364946,0.00,11.82,100.00,0.00
3,2203985,0.00,11.02,0.00,100.00
3,2409283,0.00,12.05,100.00,100.00
2,2163318,0.00,10.82,100.00,100.00
3,2262397,0.02,11.06,100.00,100.00
2,2469194,0.02,12.07,100.00,100.00
2,2393401,0.00,11.97,100.00,100.00
2,2532375,0.07,11.71,100.00,100.00
3,2349866,0.00,11.75,0.00,0.00
3,2598296,0.04,12.52,100.00,0.00
3,2262130,0.00,11.30,100.00,0.00
2,2438232,0.07,11.33,100.00,0.00
2,2579627,0.03,12.56,100.00,0.00
2,2456804,0.00,12.28,100.00,0.00
2,2206548,0.10,9.89,0.00,0.00
2,2240711,0.00,11.20,100.00,0.00
3,2404838,0.00,12.02,100.00,0.00
2,2478366,0.00,12.39,100.00,0.00
3,2264241,0.00,11.32,0.00,100.00
3,2140277,0.00,10.70,100.00,100.00
3,2158348,0.00,10.79,100.00,0.00
3,2544296,0.10,11.50,100.00,0.00
2,2491428,0.00,12.46,100.00,0.00
2,2371609,0.07,11.07,100.00,0.00
3,2609192,0.00,13.05,100.00,0.00
2,2286498,0.05,10.81,0.00,0.00
2,2240710,0.00,11.20,100.00,0.00
2,2266426,0.00,11.33,100.00,0.00
3,2285562,0.03,11.11,100.00,0.00
3,2346171,0.00,11.73,0.00,0.00
2,2573574,0.03,12.49,100.00,0.00
3,2128101,0.00,10.64,100.00,0.00
3,2168777,0.05,10.30,0.00,0.00
3,2231088,0.00,11.16,100.00,100.00
2,2259510,0.00,11.30,100.00,100.00
3,2465294,0.01,12.15,100.00,0.00
2,2346421,0.00,11.73,100.00,0.00
3,2262423,0.00,11.31,100.00,0.00
3,2473154,0.00,12.37,100.00,0.00
2,2499345,0.00,12.50,0.00,100.00
3,2110994,0.06,9.88,100.00,100.00
3,2577650,0.02,12.60,100.00,100.00
3,2181716,0.00,10.87,100.00,100.00
3,2408393,0.00,12.04,100.00,100.00
2,2439211,0.12,10.70,0.00,21.42
2,2235893,0.00,11.18,100.00,21.42
2,2512992,0.00,12.56,100.00,21.42
2,2334685,0.00,11.67,100.00,21.42
2,2107878,0.00,10.54,100.00,100.00
2,2614376,0.02,12.85,100.00,100.00
3,2521162,0.00,12.61,100.00,100.00
2,2139580,0.03,10.43,100.00,0.00
2,2385111,0.13,10.35,100.00,0.00
3,2282732,0.06,10.72,0.00,100.00
2,2429880,0.00,12.15,100.00,100.00
2,2534890,0.00,12.67,100.00,100.00
2,2507082,0.00,12.54,0.00,0.00
3,2140064,0.00,10.70,100.00,0.00
2,2223675,0.00,11.12,100.00,0.00
2,2152378,0.00,10.76,0.00,100.00
2,2515145,0.04,12.11,100.00,100.00
3,2269775,0.06,10.70,0.00,100.00
3,2561327,0.05,12.14,100.00,100.00
3,2099151,0.00,10.50,100.00,0.00
3,2238404,0.04,10.78,100.00,0.00
2,2190030,0.00,10.95,100.00,0.00
3,2615385,0.00,13.08,100.00,100.00
3,2143083,0.00,10.72,0.00,100.00
3,2247074,0.00,11.24,100.00,0.00
3,2154788,0.02,10.57,100.00,0.00
2,2423331,0.00,12.12,100.00,0.00
2,2561683,0.01,12.69,100.00,0.00
3,2346654,0.05,11.10,100.00,0.00
3,2263577,0.00,11.32,100.00,0.00
2,2288142,0.04,10.97,100.00,0.00
2,2424993,0.01,11.97,0.00,100.00
3,2399456,0.04,11.49,100.00,0.00
3,2149074,0.00,10.75,100.00,0.00
2,2446446,0.00,12.23,100.00,0.00
3,2149649,0.00,10.75,100.00,0.00
3,2505720,0.00,12.53,0.00,100.00
2,2390540,0.00,11.95,100.00,100.00
3,2294104,0.02,11.26,100.00,100.00
2,2206778,0.05,10.50,0.00,100.00
2,2284806,0.00,11.42,100.00,100.00
3,2319593,0.00,11.60,100.00,100.00
2,2110524,0.00,10.55,0.00,0.00
3,2597320,0.00,12.99,100.00,0.00
3,2159253,0.00,10.80,100.00,0.00
2,2277858,0.05,10.86,100.00,0.00
3,2292281,0.00,11.46,100.00,0.00
2,2343713,0.08,10.75,100.00,0.00
2,2403613,0.05,11.44,100.00,0.00
2,2420356,0.03,11.70,100.00,0.00
3,2564373,0.00,12.82,100.00,100.00
2,2508298,0.02,12.32,100.00,0.00
3,2458768,0.00,12.29,0.00,0.00
3,2123184,0.00,10.61,0.00,0.00
3,2345208,0.00,11.73,0.00,0.00
3,2270603,0.04,10.85,100.00,0.00
2,2136594,0.00,10.68,100.00,0.00
2,2428027,0.00,12.14,100.00,100.00
2,2177337,0.09,9.92,100.00,100.00
3,2111089,0.00,10.53,100.00,0.00
2,2571840,0.00,12.86,0.00,0.00
2,2532989,0.04,12.13,0.00,100.00
3,2362255,0.00,11.81,100.00,100.00
2,2146074,0.02,10.50,100.00,100.00
2,2536336,0.00,12.68,100.00,100.00
3,2530913,0.05,12.02,100.00,0.00
2,2397328,0.00,11.99,100.00,0.00
2,2200797,0.00,11.00,100.00,0.00
2,2243301,0.04,10.72,100.00,0.00
3,2353004,0.00,11.77,100.00,0.00
2,2518957,0.00,12.59,100.00,0.00
2,2518644,0.00,12.59,100.00,0.00
3,2434521,0.04,11.71,0.00,100.00
3,2500414,0.00,12.50,0.00,0.00
3,2330618,0.00,11.61,100.00,100.00
2,2203466,0.01,10.88,100.00,0.00
3,2599285,0.00,13.00,0.00,0.00
2,2341079,0.00,11.71,100.00,0.00
3,2491415,0.00,12.42,0.00,0.00
3,2178895,0.07,10.16,100.00,0.00
2,2171522,0.05,10.35,0.00,100.00
2,2386221,0.02,11.74,100.00,0.00
3,2444299,0.03,11.84,0.00,0.00
2,2373545,0.00,11.86,100.00,0.00
3,2589700,0.00,12.95,100.00,0.00
2,2207305,0.05,10.54,100.00,0.00
3,2528122,0.05,12.06,0.00,0.00
2,2286021,0.01,11.34,100.00,0.00
3,2536005,0.00,12.68,100.00,0.00
3,2595470,0.00,12.98,0.00,0.00
3,2383106,0.12,10.52,100.00,100.00
3,2371339,0.08,10.92,100.00,100.00
2,2512246,0.05,11.91,0.00,0.00
2,2175825,0.02,10.65,0.00,0.00
2,2285149,0.06,10.69,100.00,0.00
3,2293544,0.00,11.47,100.00,0.00
3,2203986,0.00,11.02,100.00,0.00
2,2209995,0.00,11.05,100.00,0.00
3,2456162,0.01,12.17,100.00,0.00
3,2592374,0.00,12.96,100.00,0.00
2,2511085,0.00,12.56,100.00,0.00
3,2185763,0.11,9.71,100.00,100.00
2,2474043,0.00,12.37,100.00,0.00
3,2346153,0.00,11.73,0.00,100.00
3,2243879,0.06,10.59,0.00,0.00
2,2118017,0.04,10.11,0.00,0.00
2,2212470,0.03,10.70,100.00,0.00
2,2403845,0.02,11.77,100.00,0.00
2,2155605,0.08,9.88,100.00,0.00
3,2581850,0.00,12.91,100.00,0.00
3,2401711,0.04,11.50,100.00,0.00
2,2219340,0.00,11.10,100.00,0.00
3,2187789,0.00,10.93,100.00,0.00
2,2399563,0.08,10.99,100.00,0.00
2,2394202,0.00,11.97,100.00,0.00
3,2098583,0.00,10.49,100.00,0.00
3,2120831,0.00,10.60,100.00,0.00
2,2376466,0.00,11.88,100.00,0.00
3,2470686,0.00,12.35,100.00,0.00
3,2198847,0.06,10.33,100.00,100.00
2,2254005,0.03,10.88,100.00,100.00
2,2313893,0.00,11.57,100.00,100.00
2,2304213,0.02,11.23,0.00,0.00
3,2532182,0.00,12.66,100.00,100.00
2,2153032,0.04,10.29,100.00,100.00
2,2438434,0.00,12.19,100.00,100.00
3,2545409,0.01,12.65,100.00,100.00
2,2143542,0.11,9.55,100.00,0.00
3,2112268,0.00,10.56,100.00,100.00
2,2436717,0.00,12.18,100.00,100.00
3,2228802,0.00,11.14,100.00,100.00
2,2594251,0.00,12.97,0.00,0.00
2,2260268,0.00,11.30,100.00,0.00
3,2336700,0.00,11.68,0.00,0.00
3,2609855,0.07,12.20,100.00,0.00
2,2510767,0.00,12.55,0.00,0.00
2,2383870,0.00,11.92,100.00,0.00
2,2316675,0.04,11.08,100.00,0.00
2,2378826,0.00,11.89,100.00,0.00
3,2211381,0.00,11.06,100.00,100.00
2,2510451,0.01,12.46,100.00,100.00
2,2260737,0.01,11.18,100.00,0.00
2,2220455,0.01,11.02,100.00,0.00
3,2603886,0.00,13.02,100.00,0.00
2,2282642,0.00,11.41,100.00,0.00
2,2402556,0.04,11.56,0.00,100.00
2,2252473,0.00,11.26,0.00,100.00
2,2562708,0.03,12.38,0.00,0.00
2,2584557,0.06,12.16,100.00,0.00
2,2551575,0.09,11.58,100.00,0.00
2,2387896,0.07,11.16,100.00,0.00
2,2319394,0.00,11.59,100.00,0.00
3,2404339,0.03,11.63,0.00,100.00
2,2201590,0.00,11.01,100.00,100.00
3,2413292,0.02,11.84,100.00,100.00
3,2536726,0.00,12.68,100.00,100.00
3,2281397,0.00,11.36,100.00,100.00
3,2569977,0.10,11.54,100.00,0.00
3,2605282,0.07,12.07,0.00,100.00
2,2111181,0.05,10.08,100.00,100.00
3,2504900,0.01,12.35,100.00,100.00
2,2291148,0.00,11.46,100.00,100.00
2,2591313,0.00,12.96,0.00,100.00
3,2126269,0.03,10.32,100.00,100.00
3,2199505,0.00,11.00,100.00,100.00
3,2165688,0.10,9.80,100.00,100.00
2,2217260,0.00,11.09,100.00,100.00
3,2491569,0.00,12.46,100.00,100.00
3,2517228,0.00,12.59,100.00,100.00
2,2319833,0.00,11.60,100.00,100.00
3,2269647,0.07,10.56,100.00,100.00
3,2500465,0.03,12.09,0.00,0.00
3,2584307,0.04,12.46,0.00,0.00
2,2181615,0.00,10.91,0.00,100.00
3,2235660,0.00,11.18,100.00,100.00
3,2334024,0.00,11.67,100.00,100.00
3,2351346,0.01,11.63,0.00,0.00
2,2602565,0.00,13.01,100.00,0.00
2,2284863,0.00,11.42,100.00,0.00
3,2222797,0.07,10.34,100.00,0.00
2,2523023,0.00,12.62,100.00,0.00
2,2287494,0.00,11.44,100.00,0.00
2,2469478,0.10,11.16,100.00,0.00
2,2405713,0.02,11.74,100.00,0.00
3,2197565,0.00,10.99,100.00,0.00
2,2299854,0.09,10.51,100.00,0.00
3,2136636,0.00,10.68,100.00,0.00
2,2302401,0.00,11.51,0.00,100.00
3,2135308,0.02,10.45,100.00,100.00
2,2559617,0.11,11.44,100.00,100.00
2,2442169,0.08,11.19,100.00,100.00
2,2279939,0.00,11.40,100.00,0.00
2,2507652,0.00,12.54,100.00,0.00
2,2334493,0.08,10.75,0.00,100.00
2,2246311,0.00,11.23,0.00,0.00
3,2250746,0.02,11.03,100.00,0.00
3,2258746,0.05,10.76,100.00,0.00
2,2202890,0.00,11.01,0.00,100.00
3,2552441,0.00,12.76,100.00,100.00
2,2431791,0.01,12.09,100.00,0.00
2,2240503,0.02,11.01,100.00,0.00
3,2577263,0.00,12.89,0.00,100.00
3,2277425,0.00,11.39,100.00,100.00
2,2387031,0.03,11.60,100.00,100.00
3,2548834,0.00,12.74,100.00,0.00
2,2483138,0.00,12.42,100.00,0.00
3,2275808,0.00,11.38,100.00,0.00
2,2290138,0.00,11.45,0.00,0.00
2,2462291,0.00,12.31,100.00,0.00
2,2346663,0.00,11.73,100.00,0.00
2,2138286,0.00,10.69,100.00,0.00
3,2139120,0.00,10.70,100.00,0.00
3,2301021,0.01,11.38,0.00,100.00
2,2140493,0.02,10.50,100.00,0.00
2,2203968,0.00,11.02,100.00,0.00
2,2273669,0.00,11.37,100.00,0.00
2,2568306,0.00,12.84,100.00,100.00
3,2448451,0.07,11.40,100.00,100.00
2,2295260,0.03,11.15,100.00,100.00
3,2350494,0.05,11.19,100.00,100.00
2,2286319,0.00,11.43,100.00,100.00
3,2589330,0.04,12.41,100.00,100.00
3,2566346,0.00,12.83,100.00,100.00
2,2443217,0.00,12.22,100.00,0.00
3,2466436,0.00,12.33,100.00,100.00
3,2307001,0.00,11.54,100.00,100.00
2,2265880,0.01,11.16,0.00,0.00
3,2347754,0.00,11.74,100.00,0.00
2,2141484,0.00,10.71,0.00,100.00
2,2200768,0.00,10.96,100.00,100.00
3,2300002,0.03,11.20,0.00,100.00
2,2176828,0.00,10.88,100.00,100.00
2,2446424,0.03,11.91,100.00,0.00
3,2111268,0.02,10.33,100.00,0.00
3,2182310,0.00,10.91,100.00,0.00
3,2140567,0.03,10.43,100.00,0.00
2,2100968,0.05,9.95,0.00,100.00
3,2355292,0.09,10.73,100.00,100.00
2,2436522,0.00,12.18,0.00,100.00
3,2200925,0.05,10.46,100.00,0.00
2,2362008,0.00,11.81,100.00,0.00
2,2292469,0.00,11.46,100.00,0.00
3,2506124,0.03,12.09,100.00,0.00
3,2360582,0.02,11.52,0.00,0.00
3,2242433,0.03,10.89,100.00,0.00
3,2564783,0.00,12.82,0.00,100.00
3,2426628,0.08,11.12,0.00,0.00
3,2534045,0.00,12.65,0.00,0.00
3,2324819,0.00,11.62,100.00,0.00
2,2316790,0.03,11.19,100.00,0.00
3,2451722,0.00,12.26,100.00,0.00
2,2117443,0.05,10.09,0.00,0.00
3,2098103,0.00,10.49,0.00,0.00
3,2434450,0.00,12.17,100.00,0.00
3,2197830,0.01,10.87,0.00,100.00
2,2579672,0.00,12.90,100.00,100.00
2,2580944,0.00,12.90,0.00,0.00
2,2494014,0.00,12.47,100.00,0.00
2,2255408,0.00,11.28,0.00,100.00
2,2558692,0.00,12.79,100.00,100.00
2,2423971,0.04,11.64,0.00,0.00
3,2570999,0.08,11.80,100.00,0.00
3,2413806,0.00,12.07,0.00,0.00
2,2609645,0.00,13.05,100.00,22.63
3,2174952,0.09,9.91,100.00,100.00
3,2196591,0.02,10.81,100.00,100.00
2,2178125,0.00,10.84,100.00,100.00
3,2251466,0.00,11.26,100.00,100.00
2,2375920,0.00,11.88,100.00,100.00
3,2461717,0.00,12.31,100.00,100.00
2,2190696,0.00,10.95,100.00,100.00
3,2330450,0.11,10.34,0.00,0.00
2,2133444,0.05,10.15,0.00,0.00
3,2408255,0.07,11.22,100.00,100.00
2,2099713,0.07,9.77,100.00,100.00
2,2310801,0.00,11.55,100.00,100.00
3,2301851,0.01,11.40,0.00,0.00
2,2167601,0.01,10.77,0.00,100.00
3,2134392,0.00,10.67,0.00,0.00
3,2167331,0.00,10.84,0.00,0.00
3,2415202,0.00,12.08,100.00,0.00
2,2287432,0.00,11.44,100.00,0.00
2,2414581,0.06,11.37,0.00,100.00
3,2258065,0.02,11.02,100.00,0.00
2,2345506,0.02,11.52,100.00,0.00
3,2100056,0.02,10.29,100.00,100.00
3,2617779,0.00,13.09,100.00,100.00
3,2508033,0.08,11.52,0.00,0.00
3,2136386,0.08,9.85,100.00,0.00
3,2219560,0.00,11.10,100.00,0.00
3,2533843,0.00,12.67,0.00,100.00
3,2099313,0.04,10.10,0.00,100.00
2,2134112,0.00,10.67,100.00,0.00
2,2110287,0.05,10.06,100.00,0.00
3,2305763,0.00,11.53,100.00,0.00
3,2394720,0.00,11.97,100.00,0.00
2,2572338,0.02,12.54,100.00,0.00
2,2536282,0.00,12.68,100.00,0.00
3,2480760,0.01,12.24,100.00,100.00
3,2441742,0.04,11.72,100.00,100.00
3,2110452,0.08,9.75,0.00,0.00
2,2504095,0.00,12.52,100.00,0.00
2,2412334,0.04,11.52,100.00,0.00
3,2418635,0.02,11.87,100.00,0.00
3,2146561,0.01,10.60,100.00,0.00
3,2164961,0.02,10.66,100.00,0.00
3,2495469,0.00,12.48,0.00,100.00
3,2325829,0.12,10.20,100.00,0.00
3,2362374,0.07,11.04,100.00,0.00
2,2275271,0.00,11.38,0.00,100.00
2,2451953,0.00,12.26,100.00,100.00
3,2489954,0.00,12.42,100.00,0.00
2,2568100,0.05,12.26,100.00,0.00
2,2399131,0.00,12.00,100.00,0.00
2,2396815,0.00,11.98,100.00,0.00
2,2543864,0.00,12.72,0.00,0.00
2,2590330,0.02,12.69,0.00,0.00
2,2134866,0.00,10.67,100.00,0.00
2,2580014,0.06,12.10,100.00,100.00
2,2263761,0.00,11.32,0.00,0.00
2,2134197,0.03,10.34,0.00,0.00
3,2510314,0.02,12.33,100.00,100.00
2,2307433,0.01,11.46,0.00,100.00
3,2429184,0.00,12.15,100.00,100.00
2,2249233,0.00,11.25,0.00,100.00
2,2596684,0.01,12.88,100.00,100.00
3,2449093,0.00,12.25,100.00,0.00
3,2430196,0.01,12.02,0.00,100.00
3,2300397,0.00,11.50,100.00,100.00
2,2599651,0.07,12.07,100.00,100.00
3,2418797,0.10,10.84,100.00,100.00
3,2129429,0.00,10.65,100.00,100.00
3,2562198,0.00,12.81,100.00,100.00
3,2482701,0.00,12.41,100.00,100.00
3,2302842,0.00,11.51,100.00,0.00
3,2204674,0.00,11.02,100.00,100.00
2,2160193,0.13,9.38,0.00,0.00
2,2260578,0.00,11.30,100.00,0.00
2,2454558,0.00,12.27,0.00,0.00
3,2399655,0.01,11.89,0.00,100.00
3,2507937,0.00,12.54,100.00,100.00
3,2569550,0.00,12.85,0.00,100.00
3,2560293,0.04,12.29,0.00,100.00
2,2233264,0.00,11.17,100.00,100.00
3,2341305,0.03,11.38,100.00,100.00
3,2439691,0.00,12.20,100.00,100.00
2,2220119,0.00,11.10,0.00,0.00
2,2311673,0.01,11.40,100.00,0.00
3,2218181,0.08,10.22,0.00,0.00
2,2566714,0.00,12.83,100.00,0.00
2,2379708,0.00,11.90,100.00,0.00
3,2485587,0.00,12.43,100.00,100.00
2,2411079,0.08,11.09,100.00,100.00
2,2229799,0.02,10.96,100.00,100.00
3,2610577,0.00,13.05,100.00,100.00
2,2594843,0.05,12.34,0.00,0.00
2,2410950,0.06,11.31,100.00,100.00
2,2461544,0.00,12.31,100.00,100.00
2,2531542,0.04,12.21,0.00,100.00
2,2400671,0.00,12.00,0.00,0.00
2,2161799,0.02,10.57,100.00,0.00
3,2369431,0.00,11.85,0.00,100.00
3,2152394,0.03,10.44,100.00,0.00
2,2259924,0.00,11.30,100.00,0.00
2,2583627,0.00,12.92,100.00,0.00
2,2604103,0.00,12.96,100.00,0.00
3,2487847,0.03,12.12,100.00,100.00
3,2375572,0.02,11.68,0.00,0.00
2,2466769,0.00,12.30,100.00,0.00
2,2275203,0.00,11.38,100.00,0.00
2,2474973,0.04,11.91,100.00,0.00
2,2192611,0.06,10.29,100.00,0.00
3,2559450,0.00,12.80,100.00,0.00
3,2478238,0.00,12.39,0.00,0.00
3,2472058,0.00,12.36,100.00,0.00
2,2239501,0.03,10.85,100.00,100.00
3,2172064,0.00,10.86,100.00,100.00
3,2212140,0.00,11.06,100.00,100.00
2,2499981,0.00,12.50,100.00,100.00
2,2425840,0.00,12.13,0.00,100.00
2,2133637,0.06,9.98,0.00,100.00
3,2601172,0.00,13.00,100.00,100.00
2,2275102,0.02,11.12,100.00,100.00
2,2510453,0.06,11.80,0.00,100.00
3,2273657,0.00,11.37,100.00,100.00
2,2501710,0.06,11.75,0.00,0.00
3,2300108,0.00,11.50,100.00,0.00
3,2130589,0.09,9.70,100.00,0.00
3,2104933,0.00,10.52,0.00,100.00
3,2430911,0.03,11.77,0.00,100.00
2,2275718,0.00,11.38,0.00,0.00
3,2424586,0.00,12.12,100.00,100.00
3,2267043,0.04,10.84,100.00,100.00
2,2474729,0.00,12.37,100.00,0.00
3,2135792,0.00,10.68,0.00,100.00
3,2225325,0.00,11.13,100.00,100.00
3,2564172,0.06,12.10,100.00,0.00
2,2462439,0.00,12.31,100.00,0.00
3,2457764,0.07,11.37,0.00,0.00
2,2298915,0.00,11.49,100.00,0.00
3,2355844,0.09,10.74,0.00,0.00
2,2254185,0.00,11.27,100.00,100.00
3,2163576,0.01,10.68,0.00,100.00
3,2487809,0.02,12.13,100.00,100.00
2,2228660,0.04,10.73,100.00,100.00
2,2350497,0.06,11.05,100.00,100.00
2,2145589,0.08,9.91,100.00,100.00
2,2482624,0.00,12.41,100.00,100.00
3,2471674,0.00,12.36,100.00,100.00
2,2208718,0.00,11.04,100.00,100.00
3,2306569,0.00,11.53,0.00,100.00
2,2189134,0.07,10.22,100.00,100.00
3,2363923,0.00,11.82,100.00,100.00
3,2618893,0.00,13.09,0.00,0.00
2,2408808,0.05,11.49,100.00,0.00
3,2416517,0.04,11.58,100.00,100.00
2,2468076,0.00,12.34,100.00,100.00
2,2122551,0.01,10.49,100.00,0.00
2,2229168,0.04,10.69,100.00,0.00
2,2457403,0.02,12.01,0.00,0.00
2,2415227,0.02,11.84,0.00,100.00
2,2542189,0.01,12.59,100.00,100.00
3,2216312,0.07,10.33,100.00,100.00
3,2566822,0.00,12.83,100.00,100.00
3,2273928,0.04,10.89,100.00,100.00
3,2319430,0.02,11.39,100.00,100.00
2,2338062,0.03,11.31,0.00,100.00
3,2130667,0.06,10.01,100.00,100.00
3,2315608,0.03,11.25,0.00,0.00
3,2311820,0.00,11.56,100.00,0.00
3,2225173,0.00,11.13,100.00,0.00
3,2606181,0.02,12.78,100.00,100.00
2,2344759,0.00,11.72,0.00,0.00
2,2206475,0.04,10.61,100.00,100.00
3,2455995,0.05,11.72,100.00,100.00
3,2414035,0.00,12.07,100.00,100.00
2,2484992,0.04,11.91,100.00,100.00
2,2491522,0.08,11.50,0.00,0.00
2,2356218,0.09,10.69,100.00,0.00
3,2292329,0.00,11.46,0.00,100.00
2,2110081,0.06,9.93,0.00,0.00
2,2326533,0.00,11.63,0.00,0.00
2,2566383,0.00,12.83,0.00,0.00
